word,cefr,pos,voice_url
abortion,C1,noun,https://www.oxfordlearnersdictionaries.com/media/english/us_pron_ogg/a/abo/abort/abortion__us_1.ogg
accelerate,C1,verb,https://www.oxfordlearnersdictionaries.com/media/english/us_pron_ogg/a/acc/accel/accelerate__us_1.ogg
accommodate,B2,verb,https://www.oxfordlearnersdictionaries.com/media/english/us_pron_ogg/a/acc/accom/accommodate__us_1.ogg
accomplishment,C1,noun,https://www.oxfordlearnersdictionaries.com/media/english/us_pron_ogg/a/acc/accom/accomplishment__us_1.ogg
accordance,C1,noun,https://www.oxfordlearnersdictionaries.com/media/english/us_pron_ogg/a/acc/accor/accordance__us_1.ogg
accountability,C1,noun,https://www.oxfordlearnersdictionaries.com/media/english/us_pron_ogg/a/acc/accou/accountability__us_1.ogg
accountable,C1,adjective,https://www.oxfordlearnersdictionaries.com/media/english/us_pron_ogg/a/acc/accou/accountable__us_1.ogg
accounting,,noun,https://www.oxfordlearnersdictionaries.com/media/english/us_pron_ogg/a/acc/accou/accounting__us_1.ogg
accumulation,C1,noun,https://www.oxfordlearnersdictionaries.com/media/english/us_pron_ogg/a/acc/accum/accumulation__us_1.ogg
accused,C1,noun,https://www.oxfordlearnersdictionaries.com/media/english/us_pron_ogg/a/acc/accus/accused__us_1.ogg
acre,C1,noun,https://www.oxfordlearnersdictionaries.com/media/english/us_pron_ogg/a/acr/acre_/acre__us_1.ogg
activate,B2,verb,https://www.oxfordlearnersdictionaries.com/media/english/us_pron_ogg/a/act/activ/activate__us_1.ogg
activation,C1,noun,https://www.oxfordlearnersdictionaries.com/media/english/us_pron_ogg/a/act/activ/activation__us_1.ogg
activist,C1,noun,https://www.oxfordlearnersdictionaries.com/media/english/us_pron_ogg/a/act/activ/activist__us_1.ogg
adaptation,C1,noun,https://www.oxfordlearnersdictionaries.com/media/english/us_pron_ogg/a/ada/adapt/adaptation__us_1.ogg
adhere,C1,verb,https://www.oxfordlearnersdictionaries.com/media/english/us_pron_ogg/a/adh/adher/adhere__us_1.ogg
adjacent,C1,adjective,https://www.oxfordlearnersdictionaries.com/media/english/us_pron_ogg/a/adj/adjac/adjacent__us_1.ogg
administer,C1,verb,https://www.oxfordlearnersdictionaries.com/media/english/us_pron_ogg/a/adm/admin/administer__us_1.ogg
administrator,C1,noun,https://www.oxfordlearnersdictionaries.com/media/english/us_pron_ogg/a/adm/admin/administrator__us_1.ogg
adolescent,C1,noun,https://www.oxfordlearnersdictionaries.com/media/english/us_pron_ogg/a/ado/adole/adolescent__us_1.ogg
advocate,C1,"noun, verb",https://www.oxfordlearnersdictionaries.com/media/english/us_pron_ogg/a/adv/advoc/advocate__us_2.ogg
aesthetic,C1,adjective,https://www.oxfordlearnersdictionaries.com/media/english/us_pron_ogg/a/aes/aesth/aesthetic__us_1_rr.ogg
aftermath,C1,noun,https://www.oxfordlearnersdictionaries.com/media/english/us_pron_ogg/a/aft/after/aftermath__us_1.ogg
aggression,C1,noun,https://www.oxfordlearnersdictionaries.com/media/english/us_pron_ogg/a/agg/aggre/aggression__us_1.ogg
ah,A2,exclamation,https://www.oxfordlearnersdictionaries.com/media/english/us_pron_ogg/a/ah_/ah__u/ah__us_2.ogg
aide,C1,noun,https://www.oxfordlearnersdictionaries.com/media/english/us_pron_ogg/a/aid/aide_/aide__us_1.ogg
aids,B2,noun,https://www.oxfordlearnersdictionaries.com/media/english/us_pron_ogg/a/aid/aids_/aids__us_1.ogg
albeit,C1,conjunction,https://www.oxfordlearnersdictionaries.com/media/english/us_pron_ogg/a/alb/albei/albeit__us_1_rr.ogg
alien,C1,"adjective, noun",https://www.oxfordlearnersdictionaries.com/media/english/us_pron_ogg/a/ali/alien/alien__us_1_rr.ogg
align,C1,verb,https://www.oxfordlearnersdictionaries.com/media/english/us_pron_ogg/a/ali/align/align__us_1.ogg
alignment,C1,noun,https://www.oxfordlearnersdictionaries.com/media/english/us_pron_ogg/a/ali/align/alignment__us_1.ogg
allege,C1,verb,https://www.oxfordlearnersdictionaries.com/media/english/us_pron_ogg/a/all/alleg/allege__us_1.ogg
allegedly,C1,adverb,https://www.oxfordlearnersdictionaries.com/media/english/us_pron_ogg/a/all/alleg/allegedly__us_1.ogg
allocate,C1,verb,https://www.oxfordlearnersdictionaries.com/media/english/us_pron_ogg/a/all/alloc/allocate__us_1.ogg
allocation,C1,noun,https://www.oxfordlearnersdictionaries.com/media/english/us_pron_ogg/a/all/alloc/allocation__us_1.ogg
aluminium,C1,noun,https://www.oxfordlearnersdictionaries.com/media/english/us_pron_ogg/a/alu/alumi/aluminium__us_1.ogg
amateur,C1,"adjective, noun",https://www.oxfordlearnersdictionaries.com/media/english/us_pron_ogg/a/ama/amate/amateur__us_1.ogg
amend,C1,verb,https://www.oxfordlearnersdictionaries.com/media/english/us_pron_ogg/a/ame/amend/amend__us_1.ogg
amendment,C1,noun,https://www.oxfordlearnersdictionaries.com/media/english/us_pron_ogg/a/ame/amend/amendment__us_1.ogg
amid,C1,preposition,https://www.oxfordlearnersdictionaries.com/media/english/us_pron_ogg/a/ami/amid_/amid__us_1.ogg
analyse,B1,verb,https://www.oxfordlearnersdictionaries.com/media/english/us_pron_ogg/a/ana/analy/analyse__us_2.ogg
any more,A2,adverb,https://www.oxfordlearnersdictionaries.com/media/english/us_pron_ogg/a/any/any_m/any_more_1_us_1.ogg
apologize,B1,verb,https://www.oxfordlearnersdictionaries.com/media/english/us_pron_ogg/a/apo/apolo/apologize__us_1.ogg
app,A2,noun,https://www.oxfordlearnersdictionaries.com/media/english/us_pron_ogg/a/app/app__/app__us_1.ogg
apparatus,C1,noun,https://www.oxfordlearnersdictionaries.com/media/english/us_pron_ogg/a/app/appar/apparatus__us_1_rr.ogg
appealing,C1,adjective,https://www.oxfordlearnersdictionaries.com/media/english/us_pron_ogg/a/app/appea/appealing__us_1.ogg
applicable,C1,adjective,https://www.oxfordlearnersdictionaries.com/media/english/us_pron_ogg/a/app/appli/applicable__us_2_rr.ogg
arbitrary,C1,adjective,https://www.oxfordlearnersdictionaries.com/media/english/us_pron_ogg/a/arb/arbit/arbitrary__us_1.ogg
architectural,C1,adjective,https://www.oxfordlearnersdictionaries.com/media/english/us_pron_ogg/a/arc/archi/architectural__us_1.ogg
archive,C1,noun,https://www.oxfordlearnersdictionaries.com/media/english/us_pron_ogg/a/arc/archi/archive__us_1.ogg
arguably,C1,adverb,https://www.oxfordlearnersdictionaries.com/media/english/us_pron_ogg/a/arg/argua/arguably__us_1.ogg
arms,B2,noun,https://www.oxfordlearnersdictionaries.com/media/english/us_pron_ogg/a/arm/arms_/arms__us_1.ogg
array,C1,noun,https://www.oxfordlearnersdictionaries.com/media/english/us_pron_ogg/a/arr/array/array__us_1.ogg
artwork,B2,noun,https://www.oxfordlearnersdictionaries.com/media/english/us_pron_ogg/a/art/artwo/artwork__us_1.ogg
assassination,C1,noun,https://www.oxfordlearnersdictionaries.com/media/english/us_pron_ogg/a/ass/assas/assassination__us_1.ogg
assertion,C1,noun,https://www.oxfordlearnersdictionaries.com/media/english/us_pron_ogg/a/ass/asser/assertion__us_1.ogg
asset,B2,noun,https://www.oxfordlearnersdictionaries.com/media/english/us_pron_ogg/a/ass/asset/asset__us_1.ogg
associated,B2,adjective,https://www.oxfordlearnersdictionaries.com/media/english/us_pron_ogg/a/ass/assoc/associated__us_4.ogg
asylum,C1,noun,https://www.oxfordlearnersdictionaries.com/media/english/us_pron_ogg/a/asy/asylu/asylum__us_1.ogg
atrocity,C1,noun,https://www.oxfordlearnersdictionaries.com/media/english/us_pron_ogg/a/atr/atroc/atrocity__us_1.ogg
attorney,C1,noun,https://www.oxfordlearnersdictionaries.com/media/english/us_pron_ogg/a/att/attor/attorney__us_1.ogg
auction,B2,noun,https://www.oxfordlearnersdictionaries.com/media/english/us_pron_ogg/a/auc/aucti/auction__us_1.ogg
authentic,C1,adjective,https://www.oxfordlearnersdictionaries.com/media/english/us_pron_ogg/a/aut/authe/authentic__us_1.ogg
authorize,C1,verb,https://www.oxfordlearnersdictionaries.com/media/english/us_pron_ogg/a/aut/autho/authorize__us_1.ogg
auto,C1,noun,https://www.oxfordlearnersdictionaries.com/media/english/us_pron_ogg/a/aut/auto_/auto__us_1.ogg
autonomy,C1,noun,https://www.oxfordlearnersdictionaries.com/media/english/us_pron_ogg/a/aut/auton/autonomy__us_1.ogg
backdrop,C1,noun,https://www.oxfordlearnersdictionaries.com/media/english/us_pron_ogg/b/bac/backd/backdrop__us_1.ogg
backing,C1,noun,https://www.oxfordlearnersdictionaries.com/media/english/us_pron_ogg/b/bac/backi/backing__us_1.ogg
backwards,B1,adverb,https://www.oxfordlearnersdictionaries.com/media/english/us_pron_ogg/b/bac/backw/backwards__us_1.ogg
bacteria,B2,noun,https://www.oxfordlearnersdictionaries.com/media/english/us_pron_ogg/b/bac/bacte/bacteria__us_2.ogg
bail,C1,noun,https://www.oxfordlearnersdictionaries.com/media/english/us_pron_ogg/b/bai/bail_/bail__us_1.ogg
banner,C1,noun,https://www.oxfordlearnersdictionaries.com/media/english/us_pron_ogg/b/ban/banne/banner__us_1.ogg
based,A2,adjective,https://www.oxfordlearnersdictionaries.com/media/english/us_pron_ogg/b/bas/based/based__us_1.ogg
bass,C1,noun,https://www.oxfordlearnersdictionaries.com/media/english/us_pron_ogg/b/bas/bass_/bass__us_1.ogg
behaviour,A2,noun,https://www.oxfordlearnersdictionaries.com/media/english/us_pron_ogg/b/beh/behav/behaviour__us_2.ogg
benchmark,C1,noun,https://www.oxfordlearnersdictionaries.com/media/english/us_pron_ogg/b/ben/bench/benchmark__us_1.ogg
beneficiary,C1,noun,https://www.oxfordlearnersdictionaries.com/media/english/us_pron_ogg/b/ben/benef/beneficiary__us_1_rr.ogg
bias,B2,noun,https://www.oxfordlearnersdictionaries.com/media/english/us_pron_ogg/b/bia/bias_/bias__us_1.ogg
born,A1,verb,https://www.oxfordlearnersdictionaries.com/media/english/us_pron_ogg/b/bor/born_/born__us_1.ogg
boundary,C1,noun,https://www.oxfordlearnersdictionaries.com/media/english/us_pron_ogg/b/bou/bound/boundary__us_1.ogg
breach,C1,"noun, verb",https://www.oxfordlearnersdictionaries.com/media/english/us_pron_ogg/b/bre/breac/breach__us_1.ogg
breathing,B1,noun,https://www.oxfordlearnersdictionaries.com/media/english/us_pron_ogg/b/bre/breat/breathing__us_1.ogg
brutal,C1,adjective,https://www.oxfordlearnersdictionaries.com/media/english/us_pron_ogg/b/bru/bruta/brutal__us_1.ogg
buck,C1,noun,https://www.oxfordlearnersdictionaries.com/media/english/us_pron_ogg/b/buc/buck_/buck__us_1.ogg
buffer,C1,noun,https://www.oxfordlearnersdictionaries.com/media/english/us_pron_ogg/b/buf/buffe/buffer__us_1.ogg
bulk,C1,noun,https://www.oxfordlearnersdictionaries.com/media/english/us_pron_ogg/b/bul/bulk_/bulk__us_1.ogg
cafe,A1,noun,https://www.oxfordlearnersdictionaries.com/media/english/us_pron_ogg/c/caf/cafe_/cafe__us_1.ogg
cannot,A1,modal verb,https://www.oxfordlearnersdictionaries.com/media/english/us_pron_ogg/c/can/canno/cannot__us_1_rr.ogg
canvas,C1,noun,https://www.oxfordlearnersdictionaries.com/media/english/us_pron_ogg/c/can/canva/canvas__us_1.ogg
capitalism,C1,noun,https://www.oxfordlearnersdictionaries.com/media/english/us_pron_ogg/c/cap/capit/capitalism__us_1.ogg
capitalist,C1,adjective,https://www.oxfordlearnersdictionaries.com/media/english/us_pron_ogg/c/cap/capit/capitalist__us_1.ogg
cargo,C1,noun,https://www.oxfordlearnersdictionaries.com/media/english/us_pron_ogg/c/car/cargo/cargo__us_1.ogg
casino,C1,noun,https://www.oxfordlearnersdictionaries.com/media/english/us_pron_ogg/c/cas/casin/casino__us_1.ogg
casualty,C1,noun,https://www.oxfordlearnersdictionaries.com/media/english/us_pron_ogg/c/cas/casua/casualty__us_2_rr.ogg
catalogue,C1,noun,https://www.oxfordlearnersdictionaries.com/media/english/us_pron_ogg/c/cat/catal/catalogue__us_1_rr.ogg
cater,C1,verb,https://www.oxfordlearnersdictionaries.com/media/english/us_pron_ogg/c/cat/cater/cater__us_1.ogg
centre,A1,"noun, verb",https://www.oxfordlearnersdictionaries.com/media/english/us_pron_ogg/c/cen/centr/centre__us_1.ogg
chamber,C1,noun,https://www.oxfordlearnersdictionaries.com/media/english/us_pron_ogg/c/cha/chamb/chamber__us_1.ogg
characterize,C1,verb,https://www.oxfordlearnersdictionaries.com/media/english/us_pron_ogg/c/cha/chara/characterize__us_1.ogg
charter,C1,noun,https://www.oxfordlearnersdictionaries.com/media/english/us_pron_ogg/c/cha/chart/charter__us_1.ogg
chronic,C1,adjective,https://www.oxfordlearnersdictionaries.com/media/english/us_pron_ogg/c/chr/chron/chronic__us_1.ogg
circulate,C1,verb,https://www.oxfordlearnersdictionaries.com/media/english/us_pron_ogg/c/cir/circu/circulate__us_1.ogg
circulation,C1,noun,https://www.oxfordlearnersdictionaries.com/media/english/us_pron_ogg/c/cir/circu/circulation__us_1.ogg
cite,B2,verb,https://www.oxfordlearnersdictionaries.com/media/english/us_pron_ogg/c/cit/cite_/cite__us_1.ogg
civic,C1,adjective,https://www.oxfordlearnersdictionaries.com/media/english/us_pron_ogg/c/civ/civic/civic__us_1.ogg
civilian,C1,"adjective, noun",https://www.oxfordlearnersdictionaries.com/media/english/us_pron_ogg/c/civ/civil/civilian__us_1.ogg
civilization,B2,noun,https://www.oxfordlearnersdictionaries.com/media/english/us_pron_ogg/c/civ/civil/civilization__us_1.ogg
clarity,C1,noun,https://www.oxfordlearnersdictionaries.com/media/english/us_pron_ogg/c/cla/clari/clarity__us_1.ogg
clash,C1,noun,https://www.oxfordlearnersdictionaries.com/media/english/us_pron_ogg/c/cla/clash/clash__us_1.ogg
cleaning,,noun,https://www.oxfordlearnersdictionaries.com/media/english/us_pron_ogg/c/cle/clean/cleaning__us_1.ogg
cling,C1,verb,https://www.oxfordlearnersdictionaries.com/media/english/us_pron_ogg/c/cli/cling/cling__us_1.ogg
clinical,C1,adjective,https://www.oxfordlearnersdictionaries.com/media/english/us_pron_ogg/c/cli/clini/clinical__us_1.ogg
cluster,C1,noun,https://www.oxfordlearnersdictionaries.com/media/english/us_pron_ogg/c/clu/clust/cluster__us_1.ogg
cognitive,C1,adjective,https://www.oxfordlearnersdictionaries.com/media/english/us_pron_ogg/c/cog/cogni/cognitive__us_1.ogg
collaborate,C1,verb,https://www.oxfordlearnersdictionaries.com/media/english/us_pron_ogg/c/col/colla/collaborate__us_1.ogg
collaboration,C1,noun,https://www.oxfordlearnersdictionaries.com/media/english/us_pron_ogg/c/col/colla/collaboration__us_1.ogg
collective,C1,adjective,https://www.oxfordlearnersdictionaries.com/media/english/us_pron_ogg/c/col/colle/collective__us_1.ogg
collision,C1,noun,https://www.oxfordlearnersdictionaries.com/media/english/us_pron_ogg/c/col/colli/collision__us_1.ogg
colony,B2,noun,https://www.oxfordlearnersdictionaries.com/media/english/us_pron_ogg/c/col/colon/colony__us_1.ogg
colour,A1,noun,https://www.oxfordlearnersdictionaries.com/media/english/us_pron_ogg/c/col/colou/colour__us_2.ogg
coloured,B1,adjective,https://www.oxfordlearnersdictionaries.com/media/english/us_pron_ogg/c/col/colou/coloured__us_1.ogg
colourful,B2,adjective,https://www.oxfordlearnersdictionaries.com/media/english/us_pron_ogg/c/col/colou/colourful__us_1.ogg
combat,C1,"noun, verb",https://www.oxfordlearnersdictionaries.com/media/english/us_pron_ogg/c/com/comba/combat__us_1.ogg
commence,C1,verb,https://www.oxfordlearnersdictionaries.com/media/english/us_pron_ogg/c/com/comme/commence__us_1.ogg
commentary,C1,noun,https://www.oxfordlearnersdictionaries.com/media/english/us_pron_ogg/c/com/comme/commentary__us_1.ogg
commentator,C1,noun,https://www.oxfordlearnersdictionaries.com/media/english/us_pron_ogg/c/com/comme/commentator__us_1.ogg
commissioner,C1,noun,https://www.oxfordlearnersdictionaries.com/media/english/us_pron_ogg/c/com/commi/commissioner__us_1.ogg
commodity,C1,noun,https://www.oxfordlearnersdictionaries.com/media/english/us_pron_ogg/c/com/commo/commodity__us_1.ogg
communist,C1,adjective,https://www.oxfordlearnersdictionaries.com/media/english/us_pron_ogg/c/com/commu/communist__us_1.ogg
comparable,C1,adjective,https://www.oxfordlearnersdictionaries.com/media/english/us_pron_ogg/c/com/compa/comparable__us_1.ogg
compel,C1,verb,https://www.oxfordlearnersdictionaries.com/media/english/us_pron_ogg/c/com/compe/compel__us_1.ogg
compelling,C1,adjective,https://www.oxfordlearnersdictionaries.com/media/english/us_pron_ogg/c/com/compe/compelling__us_1.ogg
compliance,C1,noun,https://www.oxfordlearnersdictionaries.com/media/english/us_pron_ogg/c/com/compl/compliance__us_1.ogg
complication,C1,noun,https://www.oxfordlearnersdictionaries.com/media/english/us_pron_ogg/c/com/compl/complication__us_1.ogg
comply,C1,verb,https://www.oxfordlearnersdictionaries.com/media/english/us_pron_ogg/c/com/compl/comply__us_1.ogg
comprise,B2,verb,https://www.oxfordlearnersdictionaries.com/media/english/us_pron_ogg/c/com/compr/comprise__us_1.ogg
confer,C1,verb,https://www.oxfordlearnersdictionaries.com/media/english/us_pron_ogg/x/xco/xconf/xconfer__us_1.ogg
configuration,C1,noun,https://www.oxfordlearnersdictionaries.com/media/english/us_pron_ogg/x/xco/xconf/xconfiguration__us_1.ogg
confrontation,C1,noun,https://www.oxfordlearnersdictionaries.com/media/english/us_pron_ogg/x/xco/xconf/xconfrontation__us_1.ogg
congregation,C1,noun,https://www.oxfordlearnersdictionaries.com/media/english/us_pron_ogg/x/xco/xcong/xcongregation__us_1.ogg
congressional,C1,adjective,https://www.oxfordlearnersdictionaries.com/media/english/us_pron_ogg/x/xco/xcong/xcongressional__us_1_rr.ogg
connected,A2,adjective,https://www.oxfordlearnersdictionaries.com/media/english/us_pron_ogg/x/xco/xconn/xconnected__us_2.ogg
connection,B1,noun,https://www.oxfordlearnersdictionaries.com/media/english/us_pron_ogg/x/xco/xconn/xconnection__us_2.ogg
consecutive,C1,adjective,https://www.oxfordlearnersdictionaries.com/media/english/us_pron_ogg/x/xco/xcons/xconsecutive__us_1.ogg
conserve,C1,verb,https://www.oxfordlearnersdictionaries.com/media/english/us_pron_ogg/x/xco/xcons/xconserve__us_1.ogg
consistency,C1,noun,https://www.oxfordlearnersdictionaries.com/media/english/us_pron_ogg/x/xco/xcons/xconsistency__us_1.ogg
consistently,B2,adverb,https://www.oxfordlearnersdictionaries.com/media/english/us_pron_ogg/x/xco/xcons/xconsistently__us_1.ogg
consolidate,C1,verb,https://www.oxfordlearnersdictionaries.com/media/english/us_pron_ogg/x/xco/xcons/xconsolidate__us_1.ogg
conspiracy,B2,noun,https://www.oxfordlearnersdictionaries.com/media/english/us_pron_ogg/x/xco/xcons/xconspiracy__us_1.ogg
constituency,C1,noun,https://www.oxfordlearnersdictionaries.com/media/english/us_pron_ogg/x/xco/xcons/xconstituency__us_1.ogg
constitutional,C1,adjective,https://www.oxfordlearnersdictionaries.com/media/english/us_pron_ogg/x/xco/xcons/xconstitutional__us_1.ogg
constraint,C1,noun,https://www.oxfordlearnersdictionaries.com/media/english/us_pron_ogg/x/xco/xcons/xconstraint__us_1.ogg
consultation,C1,noun,https://www.oxfordlearnersdictionaries.com/media/english/us_pron_ogg/x/xco/xcons/xconsultation__us_1.ogg
contemplate,C1,verb,https://www.oxfordlearnersdictionaries.com/media/english/us_pron_ogg/x/xco/xcont/xcontemplate__us_1.ogg
contend,C1,verb,https://www.oxfordlearnersdictionaries.com/media/english/us_pron_ogg/x/xco/xcont/xcontend__us_1.ogg
contender,C1,noun,https://www.oxfordlearnersdictionaries.com/media/english/us_pron_ogg/x/xco/xcont/xcontender__us_1.ogg
contention,C1,noun,https://www.oxfordlearnersdictionaries.com/media/english/us_pron_ogg/x/xco/xcont/xcontention__us_1.ogg
contractor,C1,noun,https://www.oxfordlearnersdictionaries.com/media/english/us_pron_ogg/x/xco/xcont/xcontractor__us_2.ogg
contributor,C1,noun,https://www.oxfordlearnersdictionaries.com/media/english/us_pron_ogg/x/xco/xcont/xcontributor__us_1.ogg
convict,C1,verb,https://www.oxfordlearnersdictionaries.com/media/english/us_pron_ogg/x/xco/xconv/xconvict__us_1.ogg
conviction,C1,noun,https://www.oxfordlearnersdictionaries.com/media/english/us_pron_ogg/x/xco/xconv/xconviction__us_1.ogg
convincing,B2,adjective,https://www.oxfordlearnersdictionaries.com/media/english/us_pron_ogg/x/xco/xconv/xconvincing__us_1.ogg
coordinate,C1,verb,https://www.oxfordlearnersdictionaries.com/media/english/us_pron_ogg/c/coo/coord/coordinate__us_1.ogg
coordination,C1,noun,https://www.oxfordlearnersdictionaries.com/media/english/us_pron_ogg/c/coo/coord/coordination__us_1.ogg
coordinator,C1,noun,https://www.oxfordlearnersdictionaries.com/media/english/us_pron_ogg/c/coo/coord/coordinator__us_1.ogg
correlate,C1,verb,https://www.oxfordlearnersdictionaries.com/media/english/us_pron_ogg/c/cor/corre/correlate__us_1_rr.ogg
correlation,C1,noun,https://www.oxfordlearnersdictionaries.com/media/english/us_pron_ogg/c/cor/corre/correlation__us_1_rr.ogg
councillor,C1,noun,https://www.oxfordlearnersdictionaries.com/media/english/us_pron_ogg/c/cou/counc/councillor__us_2_rr.ogg
counselling,C1,noun,https://www.oxfordlearnersdictionaries.com/media/english/us_pron_ogg/c/cou/couns/counselling__us_1_rr.ogg
counsellor,C1,noun,https://www.oxfordlearnersdictionaries.com/media/english/us_pron_ogg/c/cou/couns/counsellor__us_2_rr.ogg
counterpart,C1,noun,https://www.oxfordlearnersdictionaries.com/media/english/us_pron_ogg/c/cou/count/counterpart__us_1.ogg
coup,C1,noun,https://www.oxfordlearnersdictionaries.com/media/english/us_pron_ogg/c/cou/coup_/coup__us_1.ogg
coverage,B2,noun,https://www.oxfordlearnersdictionaries.com/media/english/us_pron_ogg/c/cov/cover/coverage__us_2_rr.ogg
covered,B1,adjective,https://www.oxfordlearnersdictionaries.com/media/english/us_pron_ogg/c/cov/cover/covered__us_3.ogg
credibility,C1,noun,https://www.oxfordlearnersdictionaries.com/media/english/us_pron_ogg/c/cre/credi/credibility__us_1.ogg
credible,C1,adjective,https://www.oxfordlearnersdictionaries.com/media/english/us_pron_ogg/c/cre/credi/credible__us_1.ogg
creep,C1,verb,https://www.oxfordlearnersdictionaries.com/media/english/us_pron_ogg/c/cre/creep/creep__us_1.ogg
criterion,B2,noun,https://www.oxfordlearnersdictionaries.com/media/english/us_pron_ogg/c/cri/crite/criterion__us_2.ogg
criticize,B2,verb,https://www.oxfordlearnersdictionaries.com/media/english/us_pron_ogg/c/cri/criti/criticize__us_3.ogg
critique,C1,noun,https://www.oxfordlearnersdictionaries.com/media/english/us_pron_ogg/c/cri/criti/critique__us_1.ogg
crude,C1,adjective,https://www.oxfordlearnersdictionaries.com/media/english/us_pron_ogg/c/cru/crude/crude__us_1.ogg
crystal,C1,noun,https://www.oxfordlearnersdictionaries.com/media/english/us_pron_ogg/c/cry/cryst/crystal__us_1.ogg
cue,B2,noun,https://www.oxfordlearnersdictionaries.com/media/english/us_pron_ogg/c/cue/cue__/cue__us_1.ogg
cult,C1,"adjective, noun",https://www.oxfordlearnersdictionaries.com/media/english/us_pron_ogg/c/cul/cult_/cult__us_1.ogg
curved,B2,adjective,https://www.oxfordlearnersdictionaries.com/media/english/us_pron_ogg/c/cur/curve/curved__us_1.ogg
custody,C1,noun,https://www.oxfordlearnersdictionaries.com/media/english/us_pron_ogg/c/cus/custo/custody__us_1.ogg
cutting,C1,noun,https://www.oxfordlearnersdictionaries.com/media/english/us_pron_ogg/c/cut/cutti/cutting__us_1.ogg
cynical,C1,adjective,https://www.oxfordlearnersdictionaries.com/media/english/us_pron_ogg/c/cyn/cynic/cynical__us_1.ogg
dairy,B2,"adjective, noun",https://www.oxfordlearnersdictionaries.com/media/english/us_pron_ogg/d/dai/dairy/dairy__us_1.ogg
damaging,C1,adjective,https://www.oxfordlearnersdictionaries.com/media/english/us_pron_ogg/d/dam/damag/damaging__us_1.ogg
debut,C1,noun,https://www.oxfordlearnersdictionaries.com/media/english/us_pron_ogg/d/deb/debut/debut__us_1_rr.ogg
decision-making,C1,noun,https://www.oxfordlearnersdictionaries.com/media/english/us_pron_ogg/d/dec/decis/decision_making_1_us_1.ogg
dedicated,C1,adjective,https://www.oxfordlearnersdictionaries.com/media/english/us_pron_ogg/d/ded/dedic/dedicated__us_1.ogg
default,C1,noun,https://www.oxfordlearnersdictionaries.com/media/english/us_pron_ogg/d/def/defau/default__us_1.ogg
defect,C1,noun,https://www.oxfordlearnersdictionaries.com/media/english/us_pron_ogg/d/def/defec/defect__us_1_rr.ogg
defence,B2,noun,https://www.oxfordlearnersdictionaries.com/media/english/us_pron_ogg/d/def/defen/defence__us_12.ogg
defensive,C1,adjective,https://www.oxfordlearnersdictionaries.com/media/english/us_pron_ogg/d/def/defen/defensive__us_1.ogg
delegation,C1,noun,https://www.oxfordlearnersdictionaries.com/media/english/us_pron_ogg/d/del/deleg/delegation__us_1.ogg
demon,C1,noun,https://www.oxfordlearnersdictionaries.com/media/english/us_pron_ogg/d/dem/demon/demon__us_1.ogg
denial,C1,noun,https://www.oxfordlearnersdictionaries.com/media/english/us_pron_ogg/d/den/denia/denial__us_1.ogg
denounce,C1,verb,https://www.oxfordlearnersdictionaries.com/media/english/us_pron_ogg/d/den/denou/denounce__us_2.ogg
density,C1,noun,https://www.oxfordlearnersdictionaries.com/media/english/us_pron_ogg/d/den/densi/density__us_1.ogg
dependence,C1,noun,https://www.oxfordlearnersdictionaries.com/media/english/us_pron_ogg/d/dep/depen/dependence__us_1.ogg
depict,C1,verb,https://www.oxfordlearnersdictionaries.com/media/english/us_pron_ogg/d/dep/depic/depict__us_1.ogg
deploy,C1,verb,https://www.oxfordlearnersdictionaries.com/media/english/us_pron_ogg/d/dep/deplo/deploy__us_1.ogg
deployment,C1,noun,https://www.oxfordlearnersdictionaries.com/media/english/us_pron_ogg/d/dep/deplo/deployment__us_1.ogg
descent,C1,noun,https://www.oxfordlearnersdictionaries.com/media/english/us_pron_ogg/d/des/desce/descent__us_1.ogg
designate,C1,verb,https://www.oxfordlearnersdictionaries.com/media/english/us_pron_ogg/d/des/desig/designate__us_1.ogg
detain,C1,verb,https://www.oxfordlearnersdictionaries.com/media/english/us_pron_ogg/d/det/detai/detain__us_1.ogg
detection,C1,noun,https://www.oxfordlearnersdictionaries.com/media/english/us_pron_ogg/d/det/detec/detection__us_1.ogg
detention,C1,noun,https://www.oxfordlearnersdictionaries.com/media/english/us_pron_ogg/d/det/deten/detention__us_1.ogg
deteriorate,C1,verb,https://www.oxfordlearnersdictionaries.com/media/english/us_pron_ogg/d/det/deter/deteriorate__us_1.ogg
devise,C1,verb,https://www.oxfordlearnersdictionaries.com/media/english/us_pron_ogg/d/dev/devis/devise__us_1.ogg
diagnose,C1,verb,https://www.oxfordlearnersdictionaries.com/media/english/us_pron_ogg/d/dia/diagn/diagnose__us_1_rr.ogg
diagnosis,C1,noun,https://www.oxfordlearnersdictionaries.com/media/english/us_pron_ogg/d/dia/diagn/diagnosis__us_1.ogg
dialogue,A1,noun,https://www.oxfordlearnersdictionaries.com/media/english/us_pron_ogg/d/dia/dialo/dialogue__us_1_rr.ogg
dictate,C1,verb,https://www.oxfordlearnersdictionaries.com/media/english/us_pron_ogg/d/dic/dicta/dictate__us_1.ogg
differentiate,C1,verb,https://www.oxfordlearnersdictionaries.com/media/english/us_pron_ogg/d/dif/diffe/differentiate__us_1.ogg
diminish,C1,verb,https://www.oxfordlearnersdictionaries.com/media/english/us_pron_ogg/d/dim/dimin/diminish__us_1.ogg
diplomatic,C1,adjective,https://www.oxfordlearnersdictionaries.com/media/english/us_pron_ogg/d/dip/diplo/diplomatic__us_1.ogg
directory,C1,noun,https://www.oxfordlearnersdictionaries.com/media/english/us_pron_ogg/d/dir/direc/directory__us_1_rr.ogg
disc,B2,noun,https://www.oxfordlearnersdictionaries.com/media/english/us_pron_ogg/d/dis/disc_/disc__us_1.ogg
discard,C1,verb,https://www.oxfordlearnersdictionaries.com/media/english/us_pron_ogg/d/dis/disca/discard__us_1.ogg
disclose,C1,verb,https://www.oxfordlearnersdictionaries.com/media/english/us_pron_ogg/d/dis/discl/disclose__us_1.ogg
disclosure,C1,noun,https://www.oxfordlearnersdictionaries.com/media/english/us_pron_ogg/d/dis/discl/disclosure__us_1.ogg
discourse,C1,noun,https://www.oxfordlearnersdictionaries.com/media/english/us_pron_ogg/d/dis/disco/discourse__us_1.ogg
discretion,C1,noun,https://www.oxfordlearnersdictionaries.com/media/english/us_pron_ogg/d/dis/discr/discretion__us_1.ogg
disk,B2,noun,https://www.oxfordlearnersdictionaries.com/media/english/us_pron_ogg/d/dis/disc_/disc__us_1.ogg
dismissal,C1,noun,https://www.oxfordlearnersdictionaries.com/media/english/us_pron_ogg/d/dis/dismi/dismissal__us_1.ogg
dispose,C1,verb,https://www.oxfordlearnersdictionaries.com/media/english/us_pron_ogg/d/dis/dispo/dispose__us_1.ogg
disruption,C1,noun,https://www.oxfordlearnersdictionaries.com/media/english/us_pron_ogg/d/dis/disru/disruption__us_1.ogg
distinct,B2,adjective,https://www.oxfordlearnersdictionaries.com/media/english/us_pron_ogg/d/dis/disti/distinct__us_1.ogg
distinctive,C1,adjective,https://www.oxfordlearnersdictionaries.com/media/english/us_pron_ogg/d/dis/disti/distinctive__us_1.ogg
distort,C1,verb,https://www.oxfordlearnersdictionaries.com/media/english/us_pron_ogg/d/dis/disto/distort__us_1.ogg
distress,C1,"noun, verb",https://www.oxfordlearnersdictionaries.com/media/english/us_pron_ogg/d/dis/distr/distress__us_1.ogg
disturbing,C1,adjective,https://www.oxfordlearnersdictionaries.com/media/english/us_pron_ogg/d/dis/distu/disturbing__us_1.ogg
diversity,B2,noun,https://www.oxfordlearnersdictionaries.com/media/english/us_pron_ogg/d/div/diver/diversity__us_1_rr.ogg
doctor,A1,noun,https://www.oxfordlearnersdictionaries.com/media/english/us_pron_ogg/d/doc/docto/doctor__us_2.ogg
doctrine,C1,noun,https://www.oxfordlearnersdictionaries.com/media/english/us_pron_ogg/d/doc/doctr/doctrine__us_1.ogg
documentation,C1,noun,https://www.oxfordlearnersdictionaries.com/media/english/us_pron_ogg/d/doc/docum/documentation__us_2_rr.ogg
domain,C1,noun,https://www.oxfordlearnersdictionaries.com/media/english/us_pron_ogg/d/dom/domai/domain__us_1_rr.ogg
dominance,C1,noun,https://www.oxfordlearnersdictionaries.com/media/english/us_pron_ogg/d/dom/domin/dominance__us_1.ogg
dominant,B2,adjective,https://www.oxfordlearnersdictionaries.com/media/english/us_pron_ogg/d/dom/domin/dominant__us_1.ogg
donor,C1,noun,https://www.oxfordlearnersdictionaries.com/media/english/us_pron_ogg/d/don/donor/donor__us_1.ogg
downwards,B2,adverb,https://www.oxfordlearnersdictionaries.com/media/english/us_pron_ogg/d/dow/downw/downwards__us_1.ogg
draft,B2,"noun, verb",https://www.oxfordlearnersdictionaries.com/media/english/us_pron_ogg/d/dra/draft/draft__us_1.ogg
drift,C1,verb,https://www.oxfordlearnersdictionaries.com/media/english/us_pron_ogg/d/dri/drift/drift__us_1.ogg
driving,C1,"adjective, noun",https://www.oxfordlearnersdictionaries.com/media/english/us_pron_ogg/d/dri/drivi/driving__us_1.ogg
dual,C1,adjective,https://www.oxfordlearnersdictionaries.com/media/english/us_pron_ogg/d/dua/dual_/dual__us_1.ogg
dub,C1,verb,https://www.oxfordlearnersdictionaries.com/media/english/us_pron_ogg/d/dub/dub__/dub__us_1.ogg
duo,C1,noun,https://www.oxfordlearnersdictionaries.com/media/english/us_pron_ogg/d/duo/duo__/duo__us_1.ogg
duration,B2,noun,https://www.oxfordlearnersdictionaries.com/media/english/us_pron_ogg/d/dur/durat/duration__us_1.ogg
echo,C1,"noun, verb",https://www.oxfordlearnersdictionaries.com/media/english/us_pron_ogg/e/ech/echo_/echo__us_1.ogg
efficiently,B2,adverb,https://www.oxfordlearnersdictionaries.com/media/english/us_pron_ogg/e/eff/effic/efficiently__us_1.ogg
ego,C1,noun,https://www.oxfordlearnersdictionaries.com/media/english/us_pron_ogg/e/ego/ego__/ego__us_1.ogg
elaborate,C1,adjective,https://www.oxfordlearnersdictionaries.com/media/english/us_pron_ogg/e/ela/elabo/elaborate__us_2_rr.ogg
electoral,C1,adjective,https://www.oxfordlearnersdictionaries.com/media/english/us_pron_ogg/e/ele/elect/electoral__us_1.ogg
elevate,C1,verb,https://www.oxfordlearnersdictionaries.com/media/english/us_pron_ogg/e/ele/eleva/elevate__us_1.ogg
embark,C1,verb,https://www.oxfordlearnersdictionaries.com/media/english/us_pron_ogg/e/emb/embar/embark__us_1.ogg
embed,C1,verb,https://www.oxfordlearnersdictionaries.com/media/english/us_pron_ogg/e/emb/embed/embed__us_1.ogg
embody,C1,verb,https://www.oxfordlearnersdictionaries.com/media/english/us_pron_ogg/e/emb/embod/embody__us_1.ogg
emission,B2,noun,https://www.oxfordlearnersdictionaries.com/media/english/us_pron_ogg/e/emi/emiss/emission__us_1.ogg
emphasize,B2,verb,https://www.oxfordlearnersdictionaries.com/media/english/us_pron_ogg/e/emp/empha/emphasize__us_1.ogg
empirical,C1,adjective,https://www.oxfordlearnersdictionaries.com/media/english/us_pron_ogg/e/emp/empir/empirical__us_1.ogg
empower,C1,verb,https://www.oxfordlearnersdictionaries.com/media/english/us_pron_ogg/e/emp/empow/empower__us_1.ogg
enact,C1,verb,https://www.oxfordlearnersdictionaries.com/media/english/us_pron_ogg/e/ena/enact/enact__us_1.ogg
encompass,C1,verb,https://www.oxfordlearnersdictionaries.com/media/english/us_pron_ogg/e/enc/encom/encompass__us_1.ogg
endeavour,C1,noun,https://www.oxfordlearnersdictionaries.com/media/english/us_pron_ogg/e/end/endea/endeavour__us_1.ogg
endorsement,C1,noun,https://www.oxfordlearnersdictionaries.com/media/english/us_pron_ogg/e/end/endor/endorsement__us_1.ogg
enforcement,C1,noun,https://www.oxfordlearnersdictionaries.com/media/english/us_pron_ogg/e/enf/enfor/enforcement__us_1.ogg
engaging,C1,adjective,https://www.oxfordlearnersdictionaries.com/media/english/us_pron_ogg/e/eng/engag/engaging__us_1.ogg
enquire,C1,verb,https://www.oxfordlearnersdictionaries.com/media/english/us_pron_ogg/e/enq/enqui/enquire__us_1.ogg
enquiry,B2,noun,https://www.oxfordlearnersdictionaries.com/media/english/us_pron_ogg/e/enq/enqui/enquiry__us_3.ogg
enrol,C1,verb,https://www.oxfordlearnersdictionaries.com/media/english/us_pron_ogg/e/enr/enrol/enrol__us_1.ogg
ensue,C1,verb,https://www.oxfordlearnersdictionaries.com/media/english/us_pron_ogg/e/ens/ensue/ensue__us_1.ogg
entity,C1,noun,https://www.oxfordlearnersdictionaries.com/media/english/us_pron_ogg/e/ent/entit/entity__us_1.ogg
epidemic,C1,noun,https://www.oxfordlearnersdictionaries.com/media/english/us_pron_ogg/e/epi/epide/epidemic__us_1.ogg
equivalent,B2,"adjective, noun",https://www.oxfordlearnersdictionaries.com/media/english/us_pron_ogg/e/equ/equiv/equivalent__us_1.ogg
escalate,C1,verb,https://www.oxfordlearnersdictionaries.com/media/english/us_pron_ogg/e/esc/escal/escalate__us_1.ogg
ethical,B2,adjective,https://www.oxfordlearnersdictionaries.com/media/english/us_pron_ogg/e/eth/ethic/ethical__us_2.ogg
evoke,C1,verb,https://www.oxfordlearnersdictionaries.com/media/english/us_pron_ogg/e/evo/evoke/evoke__us_1.ogg
evolutionary,C1,adjective,https://www.oxfordlearnersdictionaries.com/media/english/us_pron_ogg/e/evo/evolu/evolutionary__us_2.ogg
exert,C1,verb,https://www.oxfordlearnersdictionaries.com/media/english/us_pron_ogg/e/exe/exert/exert__us_1.ogg
expenditure,C1,noun,https://www.oxfordlearnersdictionaries.com/media/english/us_pron_ogg/e/exp/expen/expenditure__us_1.ogg
experimental,C1,adjective,https://www.oxfordlearnersdictionaries.com/media/english/us_pron_ogg/e/exp/exper/experimental__us_1.ogg
expertise,B2,noun,https://www.oxfordlearnersdictionaries.com/media/english/us_pron_ogg/e/exp/exper/expertise__us_1.ogg
expire,C1,verb,https://www.oxfordlearnersdictionaries.com/media/english/us_pron_ogg/e/exp/expir/expire__us_1.ogg
explicit,C1,adjective,https://www.oxfordlearnersdictionaries.com/media/english/us_pron_ogg/e/exp/expli/explicit__us_1.ogg
explicitly,C1,adverb,https://www.oxfordlearnersdictionaries.com/media/english/us_pron_ogg/e/exp/expli/explicitly__us_1.ogg
exploitation,C1,noun,https://www.oxfordlearnersdictionaries.com/media/english/us_pron_ogg/e/exp/explo/exploitation__us_1.ogg
exposure,B2,noun,https://www.oxfordlearnersdictionaries.com/media/english/us_pron_ogg/e/exp/expos/exposure__us_1.ogg
extremist,C1,noun,https://www.oxfordlearnersdictionaries.com/media/english/us_pron_ogg/e/ext/extre/extremist__us_1.ogg
faction,C1,noun,https://www.oxfordlearnersdictionaries.com/media/english/us_pron_ogg/f/fac/facti/faction__us_1.ogg
failed,B2,adjective,https://www.oxfordlearnersdictionaries.com/media/english/us_pron_ogg/f/fai/faile/failed__us_1.ogg
fairness,C1,noun,https://www.oxfordlearnersdictionaries.com/media/english/us_pron_ogg/f/fai/fairn/fairness__us_1.ogg
favour,B1,"noun, verb",https://www.oxfordlearnersdictionaries.com/media/english/us_pron_ogg/f/fav/favou/favour__us_2.ogg
favourable,C1,adjective,https://www.oxfordlearnersdictionaries.com/media/english/us_pron_ogg/f/fav/favou/favourable__us_1_rr.ogg
favourite,A1,"adjective, noun",https://www.oxfordlearnersdictionaries.com/media/english/us_pron_ogg/f/fav/favou/favourite__us_2_rr.ogg
feeding,,noun,https://www.oxfordlearnersdictionaries.com/media/english/us_pron_ogg/f/fee/feedi/feeding__us_1.ogg
feminist,C1,"adjective, noun",https://www.oxfordlearnersdictionaries.com/media/english/us_pron_ogg/f/fem/femin/feminist__us_1.ogg
fibre,C1,noun,https://www.oxfordlearnersdictionaries.com/media/english/us_pron_ogg/f/fib/fibre/fibre__us_1.ogg
fixture,C1,noun,https://www.oxfordlearnersdictionaries.com/media/english/us_pron_ogg/f/fix/fixtu/fixture__us_1.ogg
flavour,B2,noun,https://www.oxfordlearnersdictionaries.com/media/english/us_pron_ogg/f/fla/flavo/flavour__us_1.ogg
flawed,C1,adjective,https://www.oxfordlearnersdictionaries.com/media/english/us_pron_ogg/f/fla/flawe/flawed__us_1.ogg
flourish,C1,verb,https://www.oxfordlearnersdictionaries.com/media/english/us_pron_ogg/f/flo/flour/flourish__us_1.ogg
flying,A2,"adjective, noun",https://www.oxfordlearnersdictionaries.com/media/english/us_pron_ogg/f/fly/flyin/flying__us_2.ogg
folding,B2,adjective,https://www.oxfordlearnersdictionaries.com/media/english/us_pron_ogg/f/fol/foldi/folding__us_1.ogg
footage,C1,noun,https://www.oxfordlearnersdictionaries.com/media/english/us_pron_ogg/f/foo/foota/footage__us_1.ogg
forge,C1,verb,https://www.oxfordlearnersdictionaries.com/media/english/us_pron_ogg/f/for/forge/forge__us_1.ogg
formulate,C1,verb,https://www.oxfordlearnersdictionaries.com/media/english/us_pron_ogg/f/for/formu/formulate__us_1.ogg
forum,B2,noun,https://www.oxfordlearnersdictionaries.com/media/english/us_pron_ogg/f/for/forum/forum__us_1.ogg
fossil,B2,noun,https://www.oxfordlearnersdictionaries.com/media/english/us_pron_ogg/f/fos/fossi/fossil__us_1.ogg
foster,C1,verb,https://www.oxfordlearnersdictionaries.com/media/english/us_pron_ogg/f/fos/foste/foster__us_2_rr.ogg
founder,B2,noun,https://www.oxfordlearnersdictionaries.com/media/english/us_pron_ogg/f/fou/found/founder__us_1.ogg
fourth,A1,ordinal number,https://www.oxfordlearnersdictionaries.com/media/english/us_pron_ogg/f/fou/fourt/fourth__us_1.ogg
fraction,B2,noun,https://www.oxfordlearnersdictionaries.com/media/english/us_pron_ogg/f/fra/fract/fraction__us_1.ogg
fragile,C1,adjective,https://www.oxfordlearnersdictionaries.com/media/english/us_pron_ogg/f/fra/fragi/fragile__us_1.ogg
framework,B2,noun,https://www.oxfordlearnersdictionaries.com/media/english/us_pron_ogg/f/fra/frame/framework__us_1.ogg
franchise,C1,noun,https://www.oxfordlearnersdictionaries.com/media/english/us_pron_ogg/f/fra/franc/franchise__us_1.ogg
frustrating,C1,adjective,https://www.oxfordlearnersdictionaries.com/media/english/us_pron_ogg/f/fru/frust/frustrating__us_1.ogg
fulfil,B2,verb,https://www.oxfordlearnersdictionaries.com/media/english/us_pron_ogg/f/ful/fulfi/fulfil__us_1.ogg
fundamentally,B2,adverb,https://www.oxfordlearnersdictionaries.com/media/english/us_pron_ogg/f/fun/funda/fundamentally__us_1.ogg
funding,B2,noun,https://www.oxfordlearnersdictionaries.com/media/english/us_pron_ogg/f/fun/fundi/funding__us_4.ogg
fundraising,C1,noun,https://www.oxfordlearnersdictionaries.com/media/english/us_pron_ogg/f/fun/fundr/fundraising_1_us_2.ogg
gaming,B2,noun,https://www.oxfordlearnersdictionaries.com/media/english/us_pron_ogg/g/gam/gamin/gaming__us_1.ogg
gathering,C1,noun,https://www.oxfordlearnersdictionaries.com/media/english/us_pron_ogg/g/gat/gathe/gathering__us_1.ogg
generic,C1,adjective,https://www.oxfordlearnersdictionaries.com/media/english/us_pron_ogg/g/gen/gener/generic__us_1.ogg
genocide,C1,noun,https://www.oxfordlearnersdictionaries.com/media/english/us_pron_ogg/g/gen/genoc/genocide__us_1.ogg
gig,B2,noun,https://www.oxfordlearnersdictionaries.com/media/english/us_pron_ogg/g/gig/gig__/gig__us_1.ogg
globalization,B2,noun,https://www.oxfordlearnersdictionaries.com/media/english/us_pron_ogg/g/glo/globa/globalization__us_1.ogg
goodbye,A1,"exclamation, noun",https://www.oxfordlearnersdictionaries.com/media/english/us_pron_ogg/g/goo/goodb/goodbye__us_1_rr.ogg
governance,C1,noun,https://www.oxfordlearnersdictionaries.com/media/english/us_pron_ogg/g/gov/gover/governance__us_1.ogg
gravity,C1,noun,https://www.oxfordlearnersdictionaries.com/media/english/us_pron_ogg/g/gra/gravi/gravity__us_1.ogg
grey,A1,"adjective, noun",https://www.oxfordlearnersdictionaries.com/media/english/us_pron_ogg/g/gre/grey_/grey__us_1.ogg
grid,C1,noun,https://www.oxfordlearnersdictionaries.com/media/english/us_pron_ogg/g/gri/grid_/grid__us_1.ogg
grind,C1,verb,https://www.oxfordlearnersdictionaries.com/media/english/us_pron_ogg/g/gri/grind/grind__us_1.ogg
grocery,B2,noun,https://www.oxfordlearnersdictionaries.com/media/english/us_pron_ogg/g/gro/groce/grocery__us_1_rr.ogg
gut,C1,noun,https://www.oxfordlearnersdictionaries.com/media/english/us_pron_ogg/g/gut/gut__/gut__us_1.ogg
halfway,C1,adverb,https://www.oxfordlearnersdictionaries.com/media/english/us_pron_ogg/h/hal/halfw/halfway__us_1.ogg
halt,C1,"noun, verb",https://www.oxfordlearnersdictionaries.com/media/english/us_pron_ogg/h/hal/halt_/halt__us_1.ogg
handful,C1,noun,https://www.oxfordlearnersdictionaries.com/media/english/us_pron_ogg/h/han/handf/handful__us_1.ogg
handling,C1,noun,https://www.oxfordlearnersdictionaries.com/media/english/us_pron_ogg/h/han/handl/handling__us_1.ogg
harassment,C1,noun,https://www.oxfordlearnersdictionaries.com/media/english/us_pron_ogg/h/har/haras/harassment__us_5.ogg
harbour,B2,noun,https://www.oxfordlearnersdictionaries.com/media/english/us_pron_ogg/h/har/harbo/harbour__us_1.ogg
harsh,C1,adjective,https://www.oxfordlearnersdictionaries.com/media/english/us_pron_ogg/h/har/harsh/harsh__us_1.ogg
healthcare,B2,noun,https://www.oxfordlearnersdictionaries.com/media/english/us_pron_ogg/h/hea/healt/healthcare__us_5.ogg
heighten,C1,verb,https://www.oxfordlearnersdictionaries.com/media/english/us_pron_ogg/h/hei/heigh/heighten__us_1.ogg
hence,B2,adverb,https://www.oxfordlearnersdictionaries.com/media/english/us_pron_ogg/h/hen/hence/hence__us_1.ogg
hierarchy,C1,noun,https://www.oxfordlearnersdictionaries.com/media/english/us_pron_ogg/h/hie/hiera/hierarchy__us_1.ogg
high-profile,C1,adjective,https://www.oxfordlearnersdictionaries.com/media/english/us_pron_ogg/h/hig/high_/high_profile_1_us_1.ogg
homeland,C1,noun,https://www.oxfordlearnersdictionaries.com/media/english/us_pron_ogg/h/hom/homel/homeland__us_1.ogg
honour,B2,"noun, verb",https://www.oxfordlearnersdictionaries.com/media/english/us_pron_ogg/h/hon/honou/honour__us_1.ogg
hostage,C1,noun,https://www.oxfordlearnersdictionaries.com/media/english/us_pron_ogg/h/hos/hosta/hostage__us_1.ogg
hostile,C1,adjective,https://www.oxfordlearnersdictionaries.com/media/english/us_pron_ogg/h/hos/hosti/hostile__us_1_rr.ogg
hostility,C1,noun,https://www.oxfordlearnersdictionaries.com/media/english/us_pron_ogg/h/hos/hosti/hostility__us_1.ogg
housing,B2,noun,https://www.oxfordlearnersdictionaries.com/media/english/us_pron_ogg/h/hou/housi/housing__us_3.ogg
humanitarian,C1,adjective,https://www.oxfordlearnersdictionaries.com/media/english/us_pron_ogg/h/hum/human/humanitarian__us_1.ogg
humour,B2,noun,https://www.oxfordlearnersdictionaries.com/media/english/us_pron_ogg/h/hum/humou/humour__us_2.ogg
hurricane,B1,noun,https://www.oxfordlearnersdictionaries.com/media/english/us_pron_ogg/h/hur/hurri/hurricane__us_4.ogg
hydrogen,C1,noun,https://www.oxfordlearnersdictionaries.com/media/english/us_pron_ogg/h/hyd/hydro/hydrogen__us_1.ogg
hypothesis,B2,noun,https://www.oxfordlearnersdictionaries.com/media/english/us_pron_ogg/h/hyp/hypot/hypothesis__us_1.ogg
ideological,C1,adjective,https://www.oxfordlearnersdictionaries.com/media/english/us_pron_ogg/i/ide/ideol/ideological__us_1_rr.ogg
illusion,B2,noun,https://www.oxfordlearnersdictionaries.com/media/english/us_pron_ogg/i/ill/illus/illusion__us_1.ogg
immense,C1,adjective,https://www.oxfordlearnersdictionaries.com/media/english/us_pron_ogg/i/imm/immen/immense__us_1.ogg
imminent,C1,adjective,https://www.oxfordlearnersdictionaries.com/media/english/us_pron_ogg/i/imm/immin/imminent__us_1.ogg
immune,B2,adjective,https://www.oxfordlearnersdictionaries.com/media/english/us_pron_ogg/i/imm/immun/immune__us_1.ogg
implementation,C1,noun,https://www.oxfordlearnersdictionaries.com/media/english/us_pron_ogg/i/imp/imple/implementation__us_1.ogg
inability,C1,noun,https://www.oxfordlearnersdictionaries.com/media/english/us_pron_ogg/i/ina/inabi/inability__us_1.ogg
inappropriate,C1,adjective,https://www.oxfordlearnersdictionaries.com/media/english/us_pron_ogg/i/ina/inapp/inappropriate__us_1.ogg
incidence,C1,noun,https://www.oxfordlearnersdictionaries.com/media/english/us_pron_ogg/i/inc/incid/incidence__us_1.ogg
inclined,C1,adjective,https://www.oxfordlearnersdictionaries.com/media/english/us_pron_ogg/i/inc/incli/inclined__us_1.ogg
included,A2,adjective,https://www.oxfordlearnersdictionaries.com/media/english/us_pron_ogg/i/inc/inclu/included__us_5.ogg
inclusion,C1,noun,https://www.oxfordlearnersdictionaries.com/media/english/us_pron_ogg/i/inc/inclu/inclusion__us_1.ogg
incorporate,B2,verb,https://www.oxfordlearnersdictionaries.com/media/english/us_pron_ogg/i/inc/incor/incorporate__us_1.ogg
indication,B2,noun,https://www.oxfordlearnersdictionaries.com/media/english/us_pron_ogg/i/ind/indic/indication__us_1.ogg
indicator,C1,noun,https://www.oxfordlearnersdictionaries.com/media/english/us_pron_ogg/i/ind/indic/indicator__us_1.ogg
indictment,C1,noun,https://www.oxfordlearnersdictionaries.com/media/english/us_pron_ogg/i/ind/indic/indictment__us_1.ogg
indigenous,C1,adjective,https://www.oxfordlearnersdictionaries.com/media/english/us_pron_ogg/i/ind/indig/indigenous__us_1.ogg
induce,C1,verb,https://www.oxfordlearnersdictionaries.com/media/english/us_pron_ogg/i/ind/induc/induce__us_1.ogg
inequality,C1,noun,https://www.oxfordlearnersdictionaries.com/media/english/us_pron_ogg/i/ine/inequ/inequality__us_1.ogg
inevitably,B2,adverb,https://www.oxfordlearnersdictionaries.com/media/english/us_pron_ogg/i/ine/inevi/inevitably__us_1.ogg
infamous,C1,adjective,https://www.oxfordlearnersdictionaries.com/media/english/us_pron_ogg/i/inf/infam/infamous__us_1.ogg
inflict,C1,verb,https://www.oxfordlearnersdictionaries.com/media/english/us_pron_ogg/i/inf/infli/inflict__us_1.ogg
info,B2,noun,https://www.oxfordlearnersdictionaries.com/media/english/us_pron_ogg/i/inf/info_/info__us_1.ogg
infrastructure,B2,noun,https://www.oxfordlearnersdictionaries.com/media/english/us_pron_ogg/i/inf/infra/infrastructure__us_1.ogg
inherent,C1,adjective,https://www.oxfordlearnersdictionaries.com/media/english/us_pron_ogg/i/inh/inher/inherent__us_2_rr.ogg
inhibit,C1,verb,https://www.oxfordlearnersdictionaries.com/media/english/us_pron_ogg/i/inh/inhib/inhibit__us_1.ogg
initiate,C1,verb,https://www.oxfordlearnersdictionaries.com/media/english/us_pron_ogg/i/ini/initi/initiate__us_1.ogg
injustice,C1,noun,https://www.oxfordlearnersdictionaries.com/media/english/us_pron_ogg/i/inj/injus/injustice__us_1.ogg
inmate,C1,noun,https://www.oxfordlearnersdictionaries.com/media/english/us_pron_ogg/i/inm/inmat/inmate__us_1.ogg
inquiry,B2,noun,https://www.oxfordlearnersdictionaries.com/media/english/us_pron_ogg/e/enq/enqui/enquiry__us_3.ogg
insert,B2,verb,https://www.oxfordlearnersdictionaries.com/media/english/us_pron_ogg/i/ins/inser/insert__us_1.ogg
insertion,C1,noun,https://www.oxfordlearnersdictionaries.com/media/english/us_pron_ogg/i/ins/inser/insertion__us_1.ogg
insider,C1,noun,https://www.oxfordlearnersdictionaries.com/media/english/us_pron_ogg/i/ins/insid/insider__us_2_rr.ogg
install,B2,verb,https://www.oxfordlearnersdictionaries.com/media/english/us_pron_ogg/i/ins/insta/install__us_1.ogg
installation,B2,noun,https://www.oxfordlearnersdictionaries.com/media/english/us_pron_ogg/i/ins/insta/installation__us_1.ogg
institutional,C1,adjective,https://www.oxfordlearnersdictionaries.com/media/english/us_pron_ogg/i/ins/insti/institutional__us_1.ogg
instrumental,C1,adjective,https://www.oxfordlearnersdictionaries.com/media/english/us_pron_ogg/i/ins/instr/instrumental__us_1.ogg
intact,C1,adjective,https://www.oxfordlearnersdictionaries.com/media/english/us_pron_ogg/i/int/intac/intact__us_1.ogg
intake,C1,noun,https://www.oxfordlearnersdictionaries.com/media/english/us_pron_ogg/i/int/intak/intake__us_1.ogg
integral,C1,adjective,https://www.oxfordlearnersdictionaries.com/media/english/us_pron_ogg/i/int/integ/integral__us_1_rr.ogg
integrated,C1,adjective,https://www.oxfordlearnersdictionaries.com/media/english/us_pron_ogg/i/int/integ/integrated__us_1.ogg
integration,C1,noun,https://www.oxfordlearnersdictionaries.com/media/english/us_pron_ogg/i/int/integ/integration__us_1.ogg
integrity,C1,noun,https://www.oxfordlearnersdictionaries.com/media/english/us_pron_ogg/i/int/integ/integrity__us_1.ogg
intended,B2,adjective,https://www.oxfordlearnersdictionaries.com/media/english/us_pron_ogg/i/int/inten/intended__us_3.ogg
intensify,C1,verb,https://www.oxfordlearnersdictionaries.com/media/english/us_pron_ogg/i/int/inten/intensify__us_1.ogg
intensity,C1,noun,https://www.oxfordlearnersdictionaries.com/media/english/us_pron_ogg/i/int/inten/intensity__us_1.ogg
interface,C1,noun,https://www.oxfordlearnersdictionaries.com/media/english/us_pron_ogg/i/int/inter/interface__us_1.ogg
interference,C1,noun,https://www.oxfordlearnersdictionaries.com/media/english/us_pron_ogg/i/int/inter/interference__us_1.ogg
interim,C1,adjective,https://www.oxfordlearnersdictionaries.com/media/english/us_pron_ogg/i/int/inter/interim__us_1.ogg
internet,A1,noun,https://www.oxfordlearnersdictionaries.com/media/english/us_pron_ogg/i/int/inter/internet__us_1.ogg
intervene,C1,verb,https://www.oxfordlearnersdictionaries.com/media/english/us_pron_ogg/i/int/inter/intervene__us_1.ogg
intervention,C1,noun,https://www.oxfordlearnersdictionaries.com/media/english/us_pron_ogg/i/int/inter/intervention__us_1.ogg
intriguing,C1,adjective,https://www.oxfordlearnersdictionaries.com/media/english/us_pron_ogg/i/int/intri/intriguing__us_1.ogg
ironic,C1,adjective,https://www.oxfordlearnersdictionaries.com/media/english/us_pron_ogg/i/iro/ironi/ironic__us_1.ogg
irony,C1,noun,https://www.oxfordlearnersdictionaries.com/media/english/us_pron_ogg/i/iro/irony/irony__us_1_rr.ogg
irrelevant,C1,adjective,https://www.oxfordlearnersdictionaries.com/media/english/us_pron_ogg/i/irr/irrel/irrelevant__us_1.ogg
isolate,B2,verb,https://www.oxfordlearnersdictionaries.com/media/english/us_pron_ogg/i/iso/isola/isolate__us_1.ogg
isolated,B2,adjective,https://www.oxfordlearnersdictionaries.com/media/english/us_pron_ogg/i/iso/isola/isolated__us_1.ogg
jail,B2,"noun, verb",https://www.oxfordlearnersdictionaries.com/media/english/us_pron_ogg/j/jai/jail_/jail__us_1.ogg
jewellery,A2,noun,https://www.oxfordlearnersdictionaries.com/media/english/us_pron_ogg/j/jew/jewel/jewellery__us_1.ogg
judgement,B2,noun,https://www.oxfordlearnersdictionaries.com/media/english/us_pron_ogg/j/jud/judge/judgement__us_1.ogg
judicial,C1,adjective,https://www.oxfordlearnersdictionaries.com/media/english/us_pron_ogg/j/jud/judic/judicial__us_1.ogg
junction,C1,noun,https://www.oxfordlearnersdictionaries.com/media/english/us_pron_ogg/j/jun/junct/junction__us_1.ogg
jurisdiction,C1,noun,https://www.oxfordlearnersdictionaries.com/media/english/us_pron_ogg/j/jur/juris/jurisdiction__us_1.ogg
justification,C1,noun,https://www.oxfordlearnersdictionaries.com/media/english/us_pron_ogg/j/jus/justi/justification__us_1.ogg
kidnap,C1,verb,https://www.oxfordlearnersdictionaries.com/media/english/us_pron_ogg/k/kid/kidna/kidnap__us_1.ogg
kidney,C1,noun,https://www.oxfordlearnersdictionaries.com/media/english/us_pron_ogg/k/kid/kidne/kidney__us_1.ogg
kilometre,A1,noun,https://www.oxfordlearnersdictionaries.com/media/english/us_pron_ogg/k/kil/kilom/kilometre__us_3_rr.ogg
labour,B2,noun,https://www.oxfordlearnersdictionaries.com/media/english/us_pron_ogg/l/lab/labou/labour__us_2.ogg
lad,C1,noun,https://www.oxfordlearnersdictionaries.com/media/english/us_pron_ogg/l/lad/lad__/lad__us_1.ogg
landmark,C1,noun,https://www.oxfordlearnersdictionaries.com/media/english/us_pron_ogg/l/lan/landm/landmark__us_1.ogg
large-scale,C1,adjective,https://www.oxfordlearnersdictionaries.com/media/english/us_pron_ogg/l/lar/large/large_scale_1_us_2.ogg
layout,C1,noun,https://www.oxfordlearnersdictionaries.com/media/english/us_pron_ogg/l/lay/layou/layout__us_1.ogg
legacy,C1,noun,https://www.oxfordlearnersdictionaries.com/media/english/us_pron_ogg/l/leg/legac/legacy__us_1.ogg
lens,B2,noun,https://www.oxfordlearnersdictionaries.com/media/english/us_pron_ogg/l/len/lens_/lens__us_1.ogg
lesbian,C1,adjective,https://www.oxfordlearnersdictionaries.com/media/english/us_pron_ogg/l/les/lesbi/lesbian__us_1.ogg
lesser,C1,adjective,https://www.oxfordlearnersdictionaries.com/media/english/us_pron_ogg/l/les/lesse/lesser__us_1.ogg
lethal,C1,adjective,https://www.oxfordlearnersdictionaries.com/media/english/us_pron_ogg/l/let/letha/lethal__us_1.ogg
liable,C1,adjective,https://www.oxfordlearnersdictionaries.com/media/english/us_pron_ogg/l/lia/liabl/liable__us_1.ogg
licence,B2,noun,https://www.oxfordlearnersdictionaries.com/media/english/us_pron_ogg/l/lic/licen/licence__us_2.ogg
license,C1,verb,https://www.oxfordlearnersdictionaries.com/media/english/us_pron_ogg/l/lic/licen/license__us_1.ogg
likelihood,C1,noun,https://www.oxfordlearnersdictionaries.com/media/english/us_pron_ogg/l/lik/likel/likelihood__us_1.ogg
line-up,C1,noun,https://www.oxfordlearnersdictionaries.com/media/english/us_pron_ogg/l/lin/line_/line_up_1_us_1.ogg
linear,C1,adjective,https://www.oxfordlearnersdictionaries.com/media/english/us_pron_ogg/l/lin/linea/linear__us_1.ogg
listing,C1,noun,https://www.oxfordlearnersdictionaries.com/media/english/us_pron_ogg/l/lis/listi/listing__us_1.ogg
literacy,C1,noun,https://www.oxfordlearnersdictionaries.com/media/english/us_pron_ogg/l/lit/liter/literacy__us_1.ogg
litre,B2,noun,https://www.oxfordlearnersdictionaries.com/media/english/us_pron_ogg/l/lit/litre/litre__us_1.ogg
located,B1,adjective,https://www.oxfordlearnersdictionaries.com/media/english/us_pron_ogg/l/loc/locat/located__us_4.ogg
long-standing,C1,adjective,https://www.oxfordlearnersdictionaries.com/media/english/us_pron_ogg/l/lon/long_/long_standing_1_us_5.ogg
long-time,C1,adjective,https://www.oxfordlearnersdictionaries.com/media/english/us_pron_ogg/l/lon/long_/long_time_1_us_4.ogg
loom,C1,verb,https://www.oxfordlearnersdictionaries.com/media/english/us_pron_ogg/l/loo/loom_/loom__us_1.ogg
loop,C1,noun,https://www.oxfordlearnersdictionaries.com/media/english/us_pron_ogg/l/loo/loop_/loop__us_1.ogg
lord,B2,noun,https://www.oxfordlearnersdictionaries.com/media/english/us_pron_ogg/l/lor/lord_/lord__us_1.ogg
machinery,C1,noun,https://www.oxfordlearnersdictionaries.com/media/english/us_pron_ogg/m/mac/machi/machinery__us_1.ogg
magistrate,C1,noun,https://www.oxfordlearnersdictionaries.com/media/english/us_pron_ogg/m/mag/magis/magistrate__us_1.ogg
magnetic,C1,adjective,https://www.oxfordlearnersdictionaries.com/media/english/us_pron_ogg/m/mag/magne/magnetic__us_1.ogg
magnitude,C1,noun,https://www.oxfordlearnersdictionaries.com/media/english/us_pron_ogg/m/mag/magni/magnitude__us_1.ogg
mainland,C1,noun,https://www.oxfordlearnersdictionaries.com/media/english/us_pron_ogg/m/mai/mainl/mainland__us_2_rr.ogg
mainstream,C1,"adjective, noun",https://www.oxfordlearnersdictionaries.com/media/english/us_pron_ogg/m/mai/mains/mainstream__us_1.ogg
making,B2,noun,https://www.oxfordlearnersdictionaries.com/media/english/us_pron_ogg/m/mak/makin/making__us_1.ogg
mandate,C1,noun,https://www.oxfordlearnersdictionaries.com/media/english/us_pron_ogg/m/man/manda/mandate__us_1.ogg
mandatory,C1,adjective,https://www.oxfordlearnersdictionaries.com/media/english/us_pron_ogg/m/man/manda/mandatory__us_1.ogg
manifest,C1,verb,https://www.oxfordlearnersdictionaries.com/media/english/us_pron_ogg/m/man/manif/manifest__us_1.ogg
manipulation,C1,noun,https://www.oxfordlearnersdictionaries.com/media/english/us_pron_ogg/m/man/manip/manipulation__us_1.ogg
manuscript,C1,noun,https://www.oxfordlearnersdictionaries.com/media/english/us_pron_ogg/m/man/manus/manuscript__us_1.ogg
marginal,C1,adjective,https://www.oxfordlearnersdictionaries.com/media/english/us_pron_ogg/m/mar/margi/marginal__us_1.ogg
marker,B2,noun,https://www.oxfordlearnersdictionaries.com/media/english/us_pron_ogg/m/mar/marke/marker__us_1.ogg
marketplace,C1,noun,https://www.oxfordlearnersdictionaries.com/media/english/us_pron_ogg/m/mar/marke/marketplace__us_1.ogg
martial,B2,adjective,https://www.oxfordlearnersdictionaries.com/media/english/us_pron_ogg/m/mar/marti/martial__us_1.ogg
matching,B2,adjective,https://www.oxfordlearnersdictionaries.com/media/english/us_pron_ogg/m/mat/match/matching__us_3.ogg
maths,A2,noun,https://www.oxfordlearnersdictionaries.com/media/english/us_pron_ogg/m/mat/maths/maths__us_3.ogg
maximize,C1,verb,https://www.oxfordlearnersdictionaries.com/media/english/us_pron_ogg/m/max/maxim/maximize__us_1.ogg
meantime,C1,noun,https://www.oxfordlearnersdictionaries.com/media/english/us_pron_ogg/m/mea/meant/meantime__us_1.ogg
mechanism,B2,noun,https://www.oxfordlearnersdictionaries.com/media/english/us_pron_ogg/m/mec/mecha/mechanism__us_1.ogg
medieval,C1,adjective,https://www.oxfordlearnersdictionaries.com/media/english/us_pron_ogg/m/med/medie/medieval__us_2_rr.ogg
memo,C1,noun,https://www.oxfordlearnersdictionaries.com/media/english/us_pron_ogg/m/mem/memo_/memo__us_1.ogg
memoir,C1,noun,https://www.oxfordlearnersdictionaries.com/media/english/us_pron_ogg/m/mem/memoi/memoir__us_1.ogg
merit,C1,noun,https://www.oxfordlearnersdictionaries.com/media/english/us_pron_ogg/m/mer/merit/merit__us_1.ogg
methodology,C1,noun,https://www.oxfordlearnersdictionaries.com/media/english/us_pron_ogg/m/met/metho/methodology__us_1.ogg
metre,A1,noun,https://www.oxfordlearnersdictionaries.com/media/english/us_pron_ogg/m/met/metre/metre__us_1.ogg
militant,C1,"adjective, noun",https://www.oxfordlearnersdictionaries.com/media/english/us_pron_ogg/m/mil/milit/militant__us_1.ogg
militia,C1,noun,https://www.oxfordlearnersdictionaries.com/media/english/us_pron_ogg/m/mil/milit/militia__us_1.ogg
miner,B2,noun,https://www.oxfordlearnersdictionaries.com/media/english/us_pron_ogg/m/min/miner/miner__us_1.ogg
minimal,C1,adjective,https://www.oxfordlearnersdictionaries.com/media/english/us_pron_ogg/m/min/minim/minimal__us_1.ogg
minimize,C1,verb,https://www.oxfordlearnersdictionaries.com/media/english/us_pron_ogg/m/min/minim/minimize__us_1.ogg
mining,C1,noun,https://www.oxfordlearnersdictionaries.com/media/english/us_pron_ogg/m/min/minin/mining__us_1.ogg
ministry,C1,noun,https://www.oxfordlearnersdictionaries.com/media/english/us_pron_ogg/m/min/minis/ministry__us_1.ogg
mixed,B2,adjective,https://www.oxfordlearnersdictionaries.com/media/english/us_pron_ogg/m/mix/mixed/mixed__us_1.ogg
mob,C1,noun,https://www.oxfordlearnersdictionaries.com/media/english/us_pron_ogg/m/mob/mob__/mob__us_1.ogg
mobilize,C1,verb,https://www.oxfordlearnersdictionaries.com/media/english/us_pron_ogg/m/mob/mobil/mobilize__us_1.ogg
mode,B2,noun,https://www.oxfordlearnersdictionaries.com/media/english/us_pron_ogg/m/mod/mode_/mode__us_1.ogg
momentum,C1,noun,https://www.oxfordlearnersdictionaries.com/media/english/us_pron_ogg/m/mom/momen/momentum__us_1_rr.ogg
monopoly,C1,noun,https://www.oxfordlearnersdictionaries.com/media/english/us_pron_ogg/m/mon/monop/monopoly__us_1.ogg
municipal,C1,adjective,https://www.oxfordlearnersdictionaries.com/media/english/us_pron_ogg/m/mun/munic/municipal__us_1.ogg
namely,C1,adverb,https://www.oxfordlearnersdictionaries.com/media/english/us_pron_ogg/n/nam/namel/namely__us_1.ogg
neighbour,A1,noun,https://www.oxfordlearnersdictionaries.com/media/english/us_pron_ogg/n/nei/neigh/neighbour__us_1.ogg
neighbourhood,B1,noun,https://www.oxfordlearnersdictionaries.com/media/english/us_pron_ogg/n/nei/neigh/neighbourhood__us_1.ogg
neighbouring,C1,adjective,https://www.oxfordlearnersdictionaries.com/media/english/us_pron_ogg/n/nei/neigh/neighbouring__us_1.ogg
nest,C1,noun,https://www.oxfordlearnersdictionaries.com/media/english/us_pron_ogg/n/nes/nest_/nest__us_1.ogg
newsletter,C1,noun,https://www.oxfordlearnersdictionaries.com/media/english/us_pron_ogg/n/new/newsl/newsletter__us_1.ogg
niche,C1,noun,https://www.oxfordlearnersdictionaries.com/media/english/us_pron_ogg/n/nic/niche/niche__us_3_rr.ogg
nominate,C1,verb,https://www.oxfordlearnersdictionaries.com/media/english/us_pron_ogg/n/nom/nomin/nominate__us_1.ogg
non-profit,C1,adjective,https://www.oxfordlearnersdictionaries.com/media/english/us_pron_ogg/n/non/non_p/non_profit_1_us_1.ogg
norm,B2,noun,https://www.oxfordlearnersdictionaries.com/media/english/us_pron_ogg/n/nor/norm_/norm__us_1.ogg
notable,C1,adjective,https://www.oxfordlearnersdictionaries.com/media/english/us_pron_ogg/n/not/notab/notable__us_1.ogg
notably,C1,adverb,https://www.oxfordlearnersdictionaries.com/media/english/us_pron_ogg/n/not/notab/notably__us_1.ogg
notify,C1,verb,https://www.oxfordlearnersdictionaries.com/media/english/us_pron_ogg/n/not/notif/notify__us_1.ogg
nursing,B2,noun,
obesity,B2,noun,https://www.oxfordlearnersdictionaries.com/media/english/us_pron_ogg/o/obe/obesi/obesity__us_1.ogg
oblige,C1,verb,https://www.oxfordlearnersdictionaries.com/media/english/us_pron_ogg/o/obl/oblig/oblige__us_1.ogg
occurrence,C1,noun,https://www.oxfordlearnersdictionaries.com/media/english/us_pron_ogg/o/occ/occur/occurrence__us_1.ogg
odds,C1,noun,https://www.oxfordlearnersdictionaries.com/media/english/us_pron_ogg/o/odd/odds_/odds__us_1.ogg
offence,B2,noun,https://www.oxfordlearnersdictionaries.com/media/english/us_pron_ogg/o/off/offen/offence__us_5.ogg
offering,C1,noun,https://www.oxfordlearnersdictionaries.com/media/english/us_pron_ogg/o/off/offer/offering__us_1_rr.ogg
offspring,C1,noun,https://www.oxfordlearnersdictionaries.com/media/english/us_pron_ogg/o/off/offsp/offspring__us_1_rr.ogg
oh,A1,exclamation,https://www.oxfordlearnersdictionaries.com/media/english/us_pron_ogg/o/oh_/oh__u/oh__us_1.ogg
ok,A1,"adjective, adverb, exclamation",https://www.oxfordlearnersdictionaries.com/media/english/us_pron_ogg/o/ok_/ok__u/ok__us_1.ogg
ongoing,B2,adjective,https://www.oxfordlearnersdictionaries.com/media/english/us_pron_ogg/o/ong/ongoi/ongoing__us_1_rr.ogg
onto,A2,preposition,https://www.oxfordlearnersdictionaries.com/media/english/us_pron_ogg/o/ont/onto_/onto__us_1_rr.ogg
operational,C1,adjective,https://www.oxfordlearnersdictionaries.com/media/english/us_pron_ogg/o/ope/opera/operational__us_1.ogg
opposed,B2,adjective,https://www.oxfordlearnersdictionaries.com/media/english/us_pron_ogg/o/opp/oppos/opposed__us_3.ogg
opt,C1,verb,https://www.oxfordlearnersdictionaries.com/media/english/us_pron_ogg/o/opt/opt__/opt__us_1.ogg
optical,C1,adjective,https://www.oxfordlearnersdictionaries.com/media/english/us_pron_ogg/o/opt/optic/optical__us_1.ogg
organization,A2,noun,https://www.oxfordlearnersdictionaries.com/media/english/us_pron_ogg/o/org/organ/organization__us_1.ogg
organizational,C1,adjective,https://www.oxfordlearnersdictionaries.com/media/english/us_pron_ogg/o/org/organ/organizational__us_1.ogg
organize,A2,verb,https://www.oxfordlearnersdictionaries.com/media/english/us_pron_ogg/o/org/organ/organize__us_2.ogg
organized,B1,adjective,https://www.oxfordlearnersdictionaries.com/media/english/us_pron_ogg/o/org/organ/organized__us_3.ogg
organizer,B1,noun,https://www.oxfordlearnersdictionaries.com/media/english/us_pron_ogg/o/org/organ/organizer__us_1.ogg
orientation,C1,noun,https://www.oxfordlearnersdictionaries.com/media/english/us_pron_ogg/o/ori/orien/orientation__us_1.ogg
ought,B1,modal verb,https://www.oxfordlearnersdictionaries.com/media/english/us_pron_ogg/a/aug/aught/aught__us_1.ogg
oversee,C1,verb,https://www.oxfordlearnersdictionaries.com/media/english/us_pron_ogg/o/ove/overs/oversee__us_1.ogg
ownership,B2,noun,https://www.oxfordlearnersdictionaries.com/media/english/us_pron_ogg/o/own/owner/ownership__us_1.ogg
parallel,B2,"adjective, noun",https://www.oxfordlearnersdictionaries.com/media/english/us_pron_ogg/p/par/paral/parallel__us_1.ogg
parameter,C1,noun,https://www.oxfordlearnersdictionaries.com/media/english/us_pron_ogg/p/par/param/parameter__us_1.ogg
parish,C1,noun,https://www.oxfordlearnersdictionaries.com/media/english/us_pron_ogg/p/par/paris/parish__us_1.ogg
parliamentary,C1,adjective,https://www.oxfordlearnersdictionaries.com/media/english/us_pron_ogg/p/par/parli/parliamentary__us_1_rr.ogg
partially,C1,adverb,https://www.oxfordlearnersdictionaries.com/media/english/us_pron_ogg/p/par/parti/partially__us_1.ogg
passing,C1,noun,https://www.oxfordlearnersdictionaries.com/media/english/us_pron_ogg/p/pas/passi/passing__us_1.ogg
patent,C1,noun,https://www.oxfordlearnersdictionaries.com/media/english/us_pron_ogg/p/pat/paten/patent__us_1.ogg
pathway,C1,noun,https://www.oxfordlearnersdictionaries.com/media/english/us_pron_ogg/p/pat/pathw/pathway__us_1.ogg
peasant,C1,noun,https://www.oxfordlearnersdictionaries.com/media/english/us_pron_ogg/p/pea/peasa/peasant__us_1.ogg
per cent,A2,"adjective, adverb, noun",https://www.oxfordlearnersdictionaries.com/media/english/us_pron_ogg/p/per/per_c/per_cent_1_us_1.ogg
petition,C1,noun,https://www.oxfordlearnersdictionaries.com/media/english/us_pron_ogg/p/pet/petit/petition__us_1.ogg
pioneer,C1,"noun, verb",https://www.oxfordlearnersdictionaries.com/media/english/us_pron_ogg/p/pio/pione/pioneer__us_1.ogg
pipeline,C1,noun,https://www.oxfordlearnersdictionaries.com/media/english/us_pron_ogg/p/pip/pipel/pipeline__us_1.ogg
placement,B2,noun,https://www.oxfordlearnersdictionaries.com/media/english/us_pron_ogg/p/pla/place/placement__us_1.ogg
plea,C1,noun,https://www.oxfordlearnersdictionaries.com/media/english/us_pron_ogg/p/ple/plea_/plea__us_1.ogg
pledge,C1,"noun, verb",https://www.oxfordlearnersdictionaries.com/media/english/us_pron_ogg/p/ple/pledg/pledge__us_1.ogg
plunge,C1,verb,https://www.oxfordlearnersdictionaries.com/media/english/us_pron_ogg/p/plu/plung/plunge__us_1.ogg
pointed,B2,adjective,https://www.oxfordlearnersdictionaries.com/media/english/us_pron_ogg/p/poi/point/pointed__us_1.ogg
poll,C1,noun,https://www.oxfordlearnersdictionaries.com/media/english/us_pron_ogg/p/pol/poll_/poll__us_1.ogg
portfolio,C1,noun,https://www.oxfordlearnersdictionaries.com/media/english/us_pron_ogg/p/por/portf/portfolio__us_1.ogg
portray,C1,verb,https://www.oxfordlearnersdictionaries.com/media/english/us_pron_ogg/p/por/portr/portray__us_1.ogg
post-war,C1,adjective,https://www.oxfordlearnersdictionaries.com/media/english/us_pron_ogg/p/pos/post_/post_war_1_us_1.ogg
practise,A1,verb,https://www.oxfordlearnersdictionaries.com/media/english/us_pron_ogg/p/pra/pract/practise__us_1.ogg
practitioner,C1,noun,https://www.oxfordlearnersdictionaries.com/media/english/us_pron_ogg/p/pra/pract/practitioner__us_1.ogg
preach,C1,verb,https://www.oxfordlearnersdictionaries.com/media/english/us_pron_ogg/p/pre/preac/preach__us_1.ogg
precedent,C1,noun,https://www.oxfordlearnersdictionaries.com/media/english/us_pron_ogg/p/pre/prece/precedent__us_1.ogg
precision,C1,noun,https://www.oxfordlearnersdictionaries.com/media/english/us_pron_ogg/p/pre/preci/precision__us_1.ogg
predator,C1,noun,https://www.oxfordlearnersdictionaries.com/media/english/us_pron_ogg/p/pre/preda/predator__us_1.ogg
predecessor,C1,noun,https://www.oxfordlearnersdictionaries.com/media/english/us_pron_ogg/p/pre/prede/predecessor__us_1.ogg
predominantly,C1,adverb,https://www.oxfordlearnersdictionaries.com/media/english/us_pron_ogg/p/pre/predo/predominantly__us_1.ogg
pregnancy,C1,noun,https://www.oxfordlearnersdictionaries.com/media/english/us_pron_ogg/p/pre/pregn/pregnancy__us_1.ogg
premier,C1,adjective,https://www.oxfordlearnersdictionaries.com/media/english/us_pron_ogg/p/pre/premi/premier__us_1_rr.ogg
premise,C1,noun,https://www.oxfordlearnersdictionaries.com/media/english/us_pron_ogg/p/pre/premi/premise__us_1.ogg
premium,C1,noun,https://www.oxfordlearnersdictionaries.com/media/english/us_pron_ogg/p/pre/premi/premium__us_1.ogg
presently,C1,adverb,https://www.oxfordlearnersdictionaries.com/media/english/us_pron_ogg/p/pre/prese/presently__us_1.ogg
preside,C1,verb,https://www.oxfordlearnersdictionaries.com/media/english/us_pron_ogg/p/pre/presi/preside__us_1.ogg
presume,C1,verb,https://www.oxfordlearnersdictionaries.com/media/english/us_pron_ogg/p/pre/presu/presume__us_1.ogg
prevalence,C1,noun,https://www.oxfordlearnersdictionaries.com/media/english/us_pron_ogg/p/pre/preva/prevalence__us_1.ogg
prey,C1,noun,https://www.oxfordlearnersdictionaries.com/media/english/us_pron_ogg/p/pre/prey_/prey__us_1.ogg
printing,B1,noun,https://www.oxfordlearnersdictionaries.com/media/english/us_pron_ogg/p/pri/print/printing__us_1.ogg
privatization,C1,noun,https://www.oxfordlearnersdictionaries.com/media/english/us_pron_ogg/p/pri/priva/privatization__us_1.ogg
problematic,C1,adjective,https://www.oxfordlearnersdictionaries.com/media/english/us_pron_ogg/p/pro/probl/problematic__us_1.ogg
proceeding,C1,noun,https://www.oxfordlearnersdictionaries.com/media/english/us_pron_ogg/p/pro/proce/proceeding__us_1_rr.ogg
proceeds,C1,noun,https://www.oxfordlearnersdictionaries.com/media/english/us_pron_ogg/p/pro/proce/proceeds__us_1.ogg
processing,C1,noun,https://www.oxfordlearnersdictionaries.com/media/english/us_pron_ogg/p/pro/proce/processing__us_1.ogg
processor,C1,noun,https://www.oxfordlearnersdictionaries.com/media/english/us_pron_ogg/p/pro/proce/processor__us_1.ogg
productivity,C1,noun,https://www.oxfordlearnersdictionaries.com/media/english/us_pron_ogg/p/pro/produ/productivity__us_1_rr.ogg
profound,C1,adjective,https://www.oxfordlearnersdictionaries.com/media/english/us_pron_ogg/p/pro/profo/profound__us_1.ogg
program,A2,"noun, verb",https://www.oxfordlearnersdictionaries.com/media/english/us_pron_ogg/p/pro/progr/program__us_1.ogg
programme,A1,noun,https://www.oxfordlearnersdictionaries.com/media/english/us_pron_ogg/p/pro/progr/programme__us_1.ogg
promising,B2,adjective,https://www.oxfordlearnersdictionaries.com/media/english/us_pron_ogg/p/pro/promi/promising__us_1.ogg
pronounced,C1,adjective,https://www.oxfordlearnersdictionaries.com/media/english/us_pron_ogg/p/pro/prono/pronounced__us_1.ogg
propaganda,C1,noun,https://www.oxfordlearnersdictionaries.com/media/english/us_pron_ogg/p/pro/propa/propaganda__us_1.ogg
proposition,C1,noun,https://www.oxfordlearnersdictionaries.com/media/english/us_pron_ogg/p/pro/propo/proposition__us_1.ogg
prosecution,C1,noun,https://www.oxfordlearnersdictionaries.com/media/english/us_pron_ogg/p/pro/prose/prosecution__us_1.ogg
prosecutor,C1,noun,https://www.oxfordlearnersdictionaries.com/media/english/us_pron_ogg/p/pro/prose/prosecutor__us_1.ogg
prospective,C1,adjective,https://www.oxfordlearnersdictionaries.com/media/english/us_pron_ogg/p/pro/prosp/prospective__us_1.ogg
protein,B2,noun,https://www.oxfordlearnersdictionaries.com/media/english/us_pron_ogg/p/pro/prote/protein__us_1.ogg
protester,B2,noun,https://www.oxfordlearnersdictionaries.com/media/english/us_pron_ogg/p/pro/prote/protester__us_2_rr.ogg
protocol,C1,noun,https://www.oxfordlearnersdictionaries.com/media/english/us_pron_ogg/p/pro/proto/protocol__us_2_rr.ogg
provincial,C1,adjective,https://www.oxfordlearnersdictionaries.com/media/english/us_pron_ogg/p/pro/provi/provincial__us_1.ogg
provoke,C1,verb,https://www.oxfordlearnersdictionaries.com/media/english/us_pron_ogg/p/pro/provo/provoke__us_1.ogg
psychiatric,C1,adjective,https://www.oxfordlearnersdictionaries.com/media/english/us_pron_ogg/p/psy/psych/psychiatric__us_1.ogg
publishing,B2,noun,https://www.oxfordlearnersdictionaries.com/media/english/us_pron_ogg/p/pub/publi/publishing__us_1.ogg
punk,B2,noun,https://www.oxfordlearnersdictionaries.com/media/english/us_pron_ogg/p/pun/punk_/punk__us_1.ogg
purely,B2,adverb,https://www.oxfordlearnersdictionaries.com/media/english/us_pron_ogg/p/pur/purel/purely__us_1.ogg
quest,C1,noun,https://www.oxfordlearnersdictionaries.com/media/english/us_pron_ogg/q/que/quest/quest__us_1.ogg
quota,C1,noun,https://www.oxfordlearnersdictionaries.com/media/english/us_pron_ogg/q/quo/quota/quota__us_1.ogg
racing,B1,noun,https://www.oxfordlearnersdictionaries.com/media/english/us_pron_ogg/r/rac/racin/racing__us_3.ogg
raid,C1,"noun, verb",https://www.oxfordlearnersdictionaries.com/media/english/us_pron_ogg/r/rai/raid_/raid__us_1.ogg
random,B2,adjective,https://www.oxfordlearnersdictionaries.com/media/english/us_pron_ogg/r/ran/rando/random__us_1.ogg
ranking,C1,noun,https://www.oxfordlearnersdictionaries.com/media/english/us_pron_ogg/r/ran/ranki/ranking__us_1.ogg
ratio,C1,noun,https://www.oxfordlearnersdictionaries.com/media/english/us_pron_ogg/r/rat/ratio/ratio__us_1_rr.ogg
realization,C1,noun,https://www.oxfordlearnersdictionaries.com/media/english/us_pron_ogg/r/rea/reali/realization__us_1.ogg
realize,A2,verb,https://www.oxfordlearnersdictionaries.com/media/english/us_pron_ogg/r/rea/reali/realize__us_1.ogg
realm,C1,noun,https://www.oxfordlearnersdictionaries.com/media/english/us_pron_ogg/r/rea/realm/realm__us_1.ogg
reasoning,C1,noun,https://www.oxfordlearnersdictionaries.com/media/english/us_pron_ogg/r/rea/reaso/reasoning__us_1.ogg
reassure,C1,verb,https://www.oxfordlearnersdictionaries.com/media/english/us_pron_ogg/r/rea/reass/reassure__us_1.ogg
rebellion,C1,noun,https://www.oxfordlearnersdictionaries.com/media/english/us_pron_ogg/r/reb/rebel/rebellion__us_1.ogg
receiver,B2,noun,https://www.oxfordlearnersdictionaries.com/media/english/us_pron_ogg/r/rec/recei/receiver__us_1.ogg
recipient,C1,noun,https://www.oxfordlearnersdictionaries.com/media/english/us_pron_ogg/r/rec/recip/recipient__us_1.ogg
recognize,A2,verb,https://www.oxfordlearnersdictionaries.com/media/english/us_pron_ogg/r/rec/recog/recognize__us_3.ogg
reconstruction,C1,noun,https://www.oxfordlearnersdictionaries.com/media/english/us_pron_ogg/r/rec/recon/reconstruction__us_1.ogg
recount,C1,verb,https://www.oxfordlearnersdictionaries.com/media/english/us_pron_ogg/r/rec/recou/recount__us_1.ogg
recruitment,B2,noun,https://www.oxfordlearnersdictionaries.com/media/english/us_pron_ogg/r/rec/recru/recruitment__us_1.ogg
referendum,C1,noun,https://www.oxfordlearnersdictionaries.com/media/english/us_pron_ogg/r/ref/refer/referendum__us_1.ogg
regulator,C1,noun,https://www.oxfordlearnersdictionaries.com/media/english/us_pron_ogg/r/reg/regul/regulator__us_1.ogg
regulatory,C1,adjective,https://www.oxfordlearnersdictionaries.com/media/english/us_pron_ogg/r/reg/regul/regulatory__us_1.ogg
rehabilitation,C1,noun,https://www.oxfordlearnersdictionaries.com/media/english/us_pron_ogg/r/reh/rehab/rehabilitation__us_1_rr.ogg
reign,C1,"noun, verb",https://www.oxfordlearnersdictionaries.com/media/english/us_pron_ogg/r/rei/reign/reign__us_1.ogg
relevance,C1,noun,https://www.oxfordlearnersdictionaries.com/media/english/us_pron_ogg/r/rel/relev/relevance__us_1.ogg
reliability,C1,noun,https://www.oxfordlearnersdictionaries.com/media/english/us_pron_ogg/r/rel/relia/reliability__us_1.ogg
removal,C1,noun,https://www.oxfordlearnersdictionaries.com/media/english/us_pron_ogg/r/rem/remov/removal__us_1.ogg
render,C1,verb,https://www.oxfordlearnersdictionaries.com/media/english/us_pron_ogg/r/ren/rende/render__us_1.ogg
renowned,C1,adjective,https://www.oxfordlearnersdictionaries.com/media/english/us_pron_ogg/r/ren/renow/renowned__us_1.ogg
repeated,B1,adjective,https://www.oxfordlearnersdictionaries.com/media/english/us_pron_ogg/r/rep/repea/repeated__us_1.ogg
reportedly,C1,adverb,https://www.oxfordlearnersdictionaries.com/media/english/us_pron_ogg/r/rep/repor/reportedly__us_1.ogg
reporting,B2,noun,https://www.oxfordlearnersdictionaries.com/media/english/us_pron_ogg/r/rep/repor/reporting__us_1.ogg
representation,C1,noun,https://www.oxfordlearnersdictionaries.com/media/english/us_pron_ogg/r/rep/repre/representation__us_1_rr.ogg
reproduction,C1,noun,https://www.oxfordlearnersdictionaries.com/media/english/us_pron_ogg/r/rep/repro/reproduction__us_1.ogg
reside,C1,verb,https://www.oxfordlearnersdictionaries.com/media/english/us_pron_ogg/r/res/resid/reside__us_1.ogg
residue,C1,noun,https://www.oxfordlearnersdictionaries.com/media/english/us_pron_ogg/r/res/resid/residue__us_1.ogg
respective,C1,adjective,https://www.oxfordlearnersdictionaries.com/media/english/us_pron_ogg/r/res/respe/respective__us_1.ogg
respectively,C1,adverb,https://www.oxfordlearnersdictionaries.com/media/english/us_pron_ogg/r/res/respe/respectively__us_1.ogg
restoration,C1,noun,https://www.oxfordlearnersdictionaries.com/media/english/us_pron_ogg/r/res/resto/restoration__us_1.ogg
restraint,C1,noun,https://www.oxfordlearnersdictionaries.com/media/english/us_pron_ogg/r/res/restr/restraint__us_1.ogg
rhetoric,C1,noun,https://www.oxfordlearnersdictionaries.com/media/english/us_pron_ogg/r/rhe/rheto/rhetoric__us_1.ogg
rifle,C1,noun,https://www.oxfordlearnersdictionaries.com/media/english/us_pron_ogg/r/rif/rifle/rifle__us_1.ogg
riot,C1,noun,https://www.oxfordlearnersdictionaries.com/media/english/us_pron_ogg/r/rio/riot_/riot__us_1.ogg
robust,C1,adjective,https://www.oxfordlearnersdictionaries.com/media/english/us_pron_ogg/r/rob/robus/robust__us_1_rr.ogg
rod,C1,noun,https://www.oxfordlearnersdictionaries.com/media/english/us_pron_ogg/r/rod/rod__/rod__us_1.ogg
rotate,C1,verb,https://www.oxfordlearnersdictionaries.com/media/english/us_pron_ogg/r/rot/rotat/rotate__us_1.ogg
rotation,C1,noun,https://www.oxfordlearnersdictionaries.com/media/english/us_pron_ogg/r/rot/rotat/rotation__us_1.ogg
ruling,C1,noun,https://www.oxfordlearnersdictionaries.com/media/english/us_pron_ogg/r/rul/rulin/ruling__us_1.ogg
rumour,C1,noun,https://www.oxfordlearnersdictionaries.com/media/english/us_pron_ogg/r/rum/rumou/rumour__us_1.ogg
sacrifice,C1,"noun, verb",https://www.oxfordlearnersdictionaries.com/media/english/us_pron_ogg/s/sac/sacri/sacrifice__us_1.ogg
saint,C1,noun,https://www.oxfordlearnersdictionaries.com/media/english/us_pron_ogg/s/sai/saint/saint__us_1.ogg
sanction,C1,noun,https://www.oxfordlearnersdictionaries.com/media/english/us_pron_ogg/s/san/sanct/sanction__us_1.ogg
saving,B2,noun,https://www.oxfordlearnersdictionaries.com/media/english/us_pron_ogg/s/sav/savin/saving__us_1.ogg
scattered,C1,adjective,https://www.oxfordlearnersdictionaries.com/media/english/us_pron_ogg/s/sca/scatt/scattered__us_1.ogg
scenario,B2,noun,https://www.oxfordlearnersdictionaries.com/media/english/us_pron_ogg/s/sce/scena/scenario__us_1.ogg
sceptical,C1,adjective,https://www.oxfordlearnersdictionaries.com/media/english/us_pron_ogg/s/sce/scept/sceptical__us_1.ogg
screening,B2,noun,https://www.oxfordlearnersdictionaries.com/media/english/us_pron_ogg/s/scr/scree/screening__us_1.ogg
scrutiny,C1,noun,https://www.oxfordlearnersdictionaries.com/media/english/us_pron_ogg/s/scr/scrut/scrutiny__us_1.ogg
secular,C1,adjective,https://www.oxfordlearnersdictionaries.com/media/english/us_pron_ogg/s/sec/secul/secular__us_1.ogg
seeker,B2,noun,https://www.oxfordlearnersdictionaries.com/media/english/us_pron_ogg/s/see/seeke/seeker__us_1.ogg
seemingly,C1,adverb,https://www.oxfordlearnersdictionaries.com/media/english/us_pron_ogg/s/see/seemi/seemingly__us_1.ogg
selective,C1,adjective,https://www.oxfordlearnersdictionaries.com/media/english/us_pron_ogg/s/sel/selec/selective__us_1.ogg
sensitivity,C1,noun,https://www.oxfordlearnersdictionaries.com/media/english/us_pron_ogg/s/sen/sensi/sensitivity__us_1.ogg
sentiment,C1,noun,https://www.oxfordlearnersdictionaries.com/media/english/us_pron_ogg/s/sen/senti/sentiment__us_1.ogg
set-up,C1,noun,https://www.oxfordlearnersdictionaries.com/media/english/us_pron_ogg/s/set/set_u/set_up_1_us_1.ogg
sexuality,C1,noun,https://www.oxfordlearnersdictionaries.com/media/english/us_pron_ogg/s/sex/sexua/sexuality__us_1.ogg
shaped,B2,adjective,https://www.oxfordlearnersdictionaries.com/media/english/us_pron_ogg/s/sha/shape/shaped__us_1.ogg
shareholder,C1,noun,https://www.oxfordlearnersdictionaries.com/media/english/us_pron_ogg/s/sha/share/shareholder__us_1.ogg
sibling,B2,noun,https://www.oxfordlearnersdictionaries.com/media/english/us_pron_ogg/s/sib/sibli/sibling__us_1.ogg
simulate,C1,verb,https://www.oxfordlearnersdictionaries.com/media/english/us_pron_ogg/s/sim/simul/simulate__us_1.ogg
simulation,C1,noun,https://www.oxfordlearnersdictionaries.com/media/english/us_pron_ogg/s/sim/simul/simulation__us_1.ogg
sin,C1,noun,https://www.oxfordlearnersdictionaries.com/media/english/us_pron_ogg/s/sin/sin__/sin__us_2.ogg
situated,C1,adjective,https://www.oxfordlearnersdictionaries.com/media/english/us_pron_ogg/s/sit/situa/situated__us_1.ogg
skull,B2,noun,https://www.oxfordlearnersdictionaries.com/media/english/us_pron_ogg/s/sku/skull/skull__us_1.ogg
smartphone,A2,noun,https://www.oxfordlearnersdictionaries.com/media/english/us_pron_ogg/s/sma/smart/smartphone__us_1.ogg
socialist,C1,adjective,https://www.oxfordlearnersdictionaries.com/media/english/us_pron_ogg/s/soc/socia/socialist__us_1.ogg
sole,C1,adjective,https://www.oxfordlearnersdictionaries.com/media/english/us_pron_ogg/s/sol/sole_/sole__us_1.ogg
solely,C1,adverb,https://www.oxfordlearnersdictionaries.com/media/english/us_pron_ogg/s/sol/solel/solely__us_1.ogg
solicitor,C1,noun,https://www.oxfordlearnersdictionaries.com/media/english/us_pron_ogg/s/sol/solic/solicitor__us_1.ogg
solidarity,C1,noun,https://www.oxfordlearnersdictionaries.com/media/english/us_pron_ogg/s/sol/solid/solidarity__us_1.ogg
sovereignty,C1,noun,https://www.oxfordlearnersdictionaries.com/media/english/us_pron_ogg/s/sov/sover/sovereignty__us_1_rr.ogg
spam,C1,noun,https://www.oxfordlearnersdictionaries.com/media/english/us_pron_ogg/s/spa/spam_/spam__us_1.ogg
specialize,B2,verb,https://www.oxfordlearnersdictionaries.com/media/english/us_pron_ogg/s/spe/speci/specialize__us_1.ogg
specialized,C1,adjective,https://www.oxfordlearnersdictionaries.com/media/english/us_pron_ogg/s/spe/speci/specialized__us_1.ogg
specification,C1,noun,https://www.oxfordlearnersdictionaries.com/media/english/us_pron_ogg/s/spe/speci/specification__us_1.ogg
specimen,C1,noun,https://www.oxfordlearnersdictionaries.com/media/english/us_pron_ogg/s/spe/speci/specimen__us_1.ogg
spectrum,C1,noun,https://www.oxfordlearnersdictionaries.com/media/english/us_pron_ogg/s/spe/spect/spectrum__us_1.ogg
speculate,B2,verb,https://www.oxfordlearnersdictionaries.com/media/english/us_pron_ogg/s/spe/specu/speculate__us_1.ogg
speculation,B2,noun,https://www.oxfordlearnersdictionaries.com/media/english/us_pron_ogg/s/spe/specu/speculation__us_1.ogg
spending,B1,noun,https://www.oxfordlearnersdictionaries.com/media/english/us_pron_ogg/s/spe/spend/spending__us_3.ogg
spine,C1,noun,https://www.oxfordlearnersdictionaries.com/media/english/us_pron_ogg/s/spi/spine/spine__us_1.ogg
spoken,B1,adjective,https://www.oxfordlearnersdictionaries.com/media/english/us_pron_ogg/s/spo/spoke/spoken__us_2.ogg
spokesperson,B2,noun,https://www.oxfordlearnersdictionaries.com/media/english/us_pron_ogg/s/spo/spoke/spokesperson__us_1.ogg
sponsorship,B2,noun,https://www.oxfordlearnersdictionaries.com/media/english/us_pron_ogg/s/spo/spons/sponsorship__us_1.ogg
sporting,B2,adjective,https://www.oxfordlearnersdictionaries.com/media/english/us_pron_ogg/s/spo/sport/sporting__us_1.ogg
spotlight,C1,noun,https://www.oxfordlearnersdictionaries.com/media/english/us_pron_ogg/s/spo/spotl/spotlight__us_1.ogg
spouse,C1,noun,https://www.oxfordlearnersdictionaries.com/media/english/us_pron_ogg/s/spo/spous/spouse__us_1.ogg
stabilize,C1,verb,https://www.oxfordlearnersdictionaries.com/media/english/us_pron_ogg/s/sta/stabi/stabilize__us_1.ogg
stance,B2,noun,https://www.oxfordlearnersdictionaries.com/media/english/us_pron_ogg/s/sta/stanc/stance__us_1.ogg
standing,C1,adjective,https://www.oxfordlearnersdictionaries.com/media/english/us_pron_ogg/s/sta/stand/standing__us_1.ogg
stark,C1,adjective,https://www.oxfordlearnersdictionaries.com/media/english/us_pron_ogg/s/sta/stark/stark__us_1.ogg
statistic,B1,noun,https://www.oxfordlearnersdictionaries.com/media/english/us_pron_ogg/s/sta/stati/statistic__us_2.ogg
statistical,C1,adjective,https://www.oxfordlearnersdictionaries.com/media/english/us_pron_ogg/s/sta/stati/statistical__us_1.ogg
stimulus,C1,noun,https://www.oxfordlearnersdictionaries.com/media/english/us_pron_ogg/s/sti/stimu/stimulus__us_1.ogg
structural,C1,adjective,https://www.oxfordlearnersdictionaries.com/media/english/us_pron_ogg/s/str/struc/structural__us_1.ogg
submission,C1,noun,https://www.oxfordlearnersdictionaries.com/media/english/us_pron_ogg/s/sub/submi/submission__us_1.ogg
subscriber,C1,noun,https://www.oxfordlearnersdictionaries.com/media/english/us_pron_ogg/s/sub/subsc/subscriber__us_1.ogg
subscription,C1,noun,https://www.oxfordlearnersdictionaries.com/media/english/us_pron_ogg/s/sub/subsc/subscription__us_1.ogg
subsequent,B2,adjective,https://www.oxfordlearnersdictionaries.com/media/english/us_pron_ogg/s/sub/subse/subsequent__us_1.ogg
subsequently,B2,adverb,https://www.oxfordlearnersdictionaries.com/media/english/us_pron_ogg/s/sub/subse/subsequently__us_1_rr.ogg
subsidy,C1,noun,https://www.oxfordlearnersdictionaries.com/media/english/us_pron_ogg/s/sub/subsi/subsidy__us_1.ogg
substantially,C1,adverb,https://www.oxfordlearnersdictionaries.com/media/english/us_pron_ogg/s/sub/subst/substantially__us_1.ogg
substitution,C1,noun,https://www.oxfordlearnersdictionaries.com/media/english/us_pron_ogg/s/sub/subst/substitution__us_1.ogg
suburban,C1,adjective,https://www.oxfordlearnersdictionaries.com/media/english/us_pron_ogg/s/sub/subur/suburban__us_1.ogg
succession,C1,noun,https://www.oxfordlearnersdictionaries.com/media/english/us_pron_ogg/s/suc/succe/succession__us_1.ogg
successor,C1,noun,https://www.oxfordlearnersdictionaries.com/media/english/us_pron_ogg/s/suc/succe/successor__us_1.ogg
suite,C1,noun,https://www.oxfordlearnersdictionaries.com/media/english/us_pron_ogg/s/sui/suite/suite__us_1.ogg
summarize,B1,verb,https://www.oxfordlearnersdictionaries.com/media/english/us_pron_ogg/s/sum/summa/summarize__us_2.ogg
supreme,C1,adjective,https://www.oxfordlearnersdictionaries.com/media/english/us_pron_ogg/s/sup/supre/supreme__us_2.ogg
surgical,C1,adjective,https://www.oxfordlearnersdictionaries.com/media/english/us_pron_ogg/s/sur/surgi/surgical__us_1.ogg
surplus,C1,noun,https://www.oxfordlearnersdictionaries.com/media/english/us_pron_ogg/s/sur/surpl/surplus__us_2.ogg
suspension,C1,noun,https://www.oxfordlearnersdictionaries.com/media/english/us_pron_ogg/s/sus/suspe/suspension__us_1.ogg
sustainable,B2,adjective,https://www.oxfordlearnersdictionaries.com/media/english/us_pron_ogg/s/sus/susta/sustainable__us_1.ogg
synthesis,C1,noun,https://www.oxfordlearnersdictionaries.com/media/english/us_pron_ogg/s/syn/synth/synthesis__us_1.ogg
t-shirt,A1,noun,https://www.oxfordlearnersdictionaries.com/media/english/us_pron_ogg/t/t_s/t_shi/t_shirt_1_us_1.ogg
tactic,C1,noun,https://www.oxfordlearnersdictionaries.com/media/english/us_pron_ogg/t/tac/tacti/tactic__us_1.ogg
tactical,C1,adjective,https://www.oxfordlearnersdictionaries.com/media/english/us_pron_ogg/t/tac/tacti/tactical__us_1.ogg
taxpayer,C1,noun,https://www.oxfordlearnersdictionaries.com/media/english/us_pron_ogg/t/tax/taxpa/taxpayer__us_1.ogg
teens,B2,noun,https://www.oxfordlearnersdictionaries.com/media/english/us_pron_ogg/t/tee/teens/teens__us_1.ogg
tenant,C1,noun,https://www.oxfordlearnersdictionaries.com/media/english/us_pron_ogg/t/ten/tenan/tenant__us_1.ogg
tenure,C1,noun,https://www.oxfordlearnersdictionaries.com/media/english/us_pron_ogg/t/ten/tenur/tenure__us_1.ogg
terminate,C1,verb,https://www.oxfordlearnersdictionaries.com/media/english/us_pron_ogg/t/ter/termi/terminate__us_1.ogg
terms,B2,noun,https://www.oxfordlearnersdictionaries.com/media/english/us_pron_ogg/t/ter/terms/terms__us_1.ogg
terrain,C1,noun,https://www.oxfordlearnersdictionaries.com/media/english/us_pron_ogg/t/ter/terra/terrain__us_1.ogg
testing,B2,noun,https://www.oxfordlearnersdictionaries.com/media/english/us_pron_ogg/t/tes/testi/testing__us_1.ogg
texture,C1,noun,https://www.oxfordlearnersdictionaries.com/media/english/us_pron_ogg/t/tex/textu/texture__us_1.ogg
thankfully,C1,adverb,https://www.oxfordlearnersdictionaries.com/media/english/us_pron_ogg/t/tha/thank/thankfully__us_1.ogg
theatre,A1,noun,https://www.oxfordlearnersdictionaries.com/media/english/us_pron_ogg/t/the/theat/theatre__us_1.ogg
theatrical,C1,adjective,https://www.oxfordlearnersdictionaries.com/media/english/us_pron_ogg/t/the/theat/theatrical__us_1.ogg
theology,C1,noun,https://www.oxfordlearnersdictionaries.com/media/english/us_pron_ogg/t/the/theol/theology__us_1.ogg
theoretical,C1,adjective,https://www.oxfordlearnersdictionaries.com/media/english/us_pron_ogg/t/the/theor/theoretical__us_1.ogg
thereby,C1,adverb,https://www.oxfordlearnersdictionaries.com/media/english/us_pron_ogg/t/the/there/thereby__us_1_rr.ogg
thinking,A2,noun,https://www.oxfordlearnersdictionaries.com/media/english/us_pron_ogg/t/thi/think/thinking__us_3.ogg
thought-provoking,C1,adjective,https://www.oxfordlearnersdictionaries.com/media/english/us_pron_ogg/t/tho/thoug/thought_provoking_1_us_1.ogg
threshold,C1,noun,https://www.oxfordlearnersdictionaries.com/media/english/us_pron_ogg/t/thr/thres/threshold__us_1_rr.ogg
thrive,C1,verb,https://www.oxfordlearnersdictionaries.com/media/english/us_pron_ogg/t/thr/thriv/thrive__us_1.ogg
timber,C1,noun,https://www.oxfordlearnersdictionaries.com/media/english/us_pron_ogg/t/tim/timbe/timber__us_1.ogg
tolerance,C1,noun,https://www.oxfordlearnersdictionaries.com/media/english/us_pron_ogg/t/tol/toler/tolerance__us_1.ogg
tonne,B2,noun,https://www.oxfordlearnersdictionaries.com/media/english/us_pron_ogg/t/ton/tonne/tonne__us_1.ogg
towards,A2,preposition,https://www.oxfordlearnersdictionaries.com/media/english/us_pron_ogg/t/tow/towar/towards__us_1.ogg
trademark,C1,noun,https://www.oxfordlearnersdictionaries.com/media/english/us_pron_ogg/t/tra/trade/trademark__us_1.ogg
trading,B2,noun,https://www.oxfordlearnersdictionaries.com/media/english/us_pron_ogg/t/tra/tradi/trading__us_1.ogg
transaction,C1,noun,https://www.oxfordlearnersdictionaries.com/media/english/us_pron_ogg/t/tra/trans/transaction__us_1_rr.ogg
transit,C1,noun,https://www.oxfordlearnersdictionaries.com/media/english/us_pron_ogg/t/tra/trans/transit__us_1_rr.ogg
transparency,C1,noun,https://www.oxfordlearnersdictionaries.com/media/english/us_pron_ogg/t/tra/trans/transparency__us_1.ogg
trauma,C1,noun,https://www.oxfordlearnersdictionaries.com/media/english/us_pron_ogg/t/tra/traum/trauma__us_2_rr.ogg
traveller,A2,noun,https://www.oxfordlearnersdictionaries.com/media/english/us_pron_ogg/t/tra/trave/traveller__us_1.ogg
tribal,C1,adjective,https://www.oxfordlearnersdictionaries.com/media/english/us_pron_ogg/t/tri/triba/tribal__us_1.ogg
tribunal,C1,noun,https://www.oxfordlearnersdictionaries.com/media/english/us_pron_ogg/t/tri/tribu/tribunal__us_1_rr.ogg
tribute,C1,noun,https://www.oxfordlearnersdictionaries.com/media/english/us_pron_ogg/t/tri/tribu/tribute__us_1.ogg
trillion,B2,number,https://www.oxfordlearnersdictionaries.com/media/english/us_pron_ogg/t/tri/trill/trillion__us_1.ogg
troubled,C1,adjective,https://www.oxfordlearnersdictionaries.com/media/english/us_pron_ogg/t/tro/troub/troubled__us_1.ogg
trustee,C1,noun,https://www.oxfordlearnersdictionaries.com/media/english/us_pron_ogg/t/tru/trust/trustee__us_1.ogg
tsunami,B2,noun,https://www.oxfordlearnersdictionaries.com/media/english/us_pron_ogg/t/tsu/tsuna/tsunami__us_1.ogg
turnout,C1,noun,https://www.oxfordlearnersdictionaries.com/media/english/us_pron_ogg/t/tur/turno/turnout__us_1.ogg
turnover,C1,noun,https://www.oxfordlearnersdictionaries.com/media/english/us_pron_ogg/t/tur/turno/turnover__us_1.ogg
tyre,B1,noun,https://www.oxfordlearnersdictionaries.com/media/english/us_pron_ogg/t/tyr/tyre_/tyre__us_2.ogg
underlying,C1,adjective,https://www.oxfordlearnersdictionaries.com/media/english/us_pron_ogg/u/und/under/underlying__us_1.ogg
undermine,C1,verb,https://www.oxfordlearnersdictionaries.com/media/english/us_pron_ogg/u/und/under/undermine__us_1_rr.ogg
unity,B2,noun,https://www.oxfordlearnersdictionaries.com/media/english/us_pron_ogg/u/uni/unity/unity__us_1.ogg
unprecedented,C1,adjective,https://www.oxfordlearnersdictionaries.com/media/english/us_pron_ogg/u/unp/unpre/unprecedented__us_1.ogg
unveil,C1,verb,https://www.oxfordlearnersdictionaries.com/media/english/us_pron_ogg/u/unv/unvei/unveil__us_1.ogg
upcoming,C1,adjective,https://www.oxfordlearnersdictionaries.com/media/english/us_pron_ogg/u/upc/upcom/upcoming__us_1.ogg
uphold,C1,verb,https://www.oxfordlearnersdictionaries.com/media/english/us_pron_ogg/u/uph/uphol/uphold__us_1.ogg
upwards,B2,adverb,https://www.oxfordlearnersdictionaries.com/media/english/us_pron_ogg/u/upw/upwar/upwards__us_2.ogg
utilize,C1,verb,https://www.oxfordlearnersdictionaries.com/media/english/us_pron_ogg/u/uti/utili/utilize__us_1.ogg
vacuum,C1,noun,https://www.oxfordlearnersdictionaries.com/media/english/us_pron_ogg/v/vac/vacuu/vacuum__us_3.ogg
validity,C1,noun,https://www.oxfordlearnersdictionaries.com/media/english/us_pron_ogg/v/val/valid/validity__us_1.ogg
variable,C1,"adjective, noun",https://www.oxfordlearnersdictionaries.com/media/english/us_pron_ogg/v/var/varia/variable__us_1.ogg
verdict,C1,noun,https://www.oxfordlearnersdictionaries.com/media/english/us_pron_ogg/v/ver/verdi/verdict__us_1.ogg
verify,C1,verb,https://www.oxfordlearnersdictionaries.com/media/english/us_pron_ogg/v/ver/verif/verify__us_1.ogg
vertical,B2,adjective,https://www.oxfordlearnersdictionaries.com/media/english/us_pron_ogg/v/ver/verti/vertical__us_1.ogg
viable,C1,adjective,https://www.oxfordlearnersdictionaries.com/media/english/us_pron_ogg/v/via/viabl/viable__us_1.ogg
vibrant,C1,adjective,https://www.oxfordlearnersdictionaries.com/media/english/us_pron_ogg/v/vib/vibra/vibrant__us_1.ogg
vicious,C1,adjective,https://www.oxfordlearnersdictionaries.com/media/english/us_pron_ogg/v/vic/vicio/vicious__us_1.ogg
violation,C1,noun,https://www.oxfordlearnersdictionaries.com/media/english/us_pron_ogg/v/vio/viola/violation__us_1.ogg
vocal,C1,adjective,https://www.oxfordlearnersdictionaries.com/media/english/us_pron_ogg/v/voc/vocal/vocal__us_1.ogg
voluntary,B2,adjective,https://www.oxfordlearnersdictionaries.com/media/english/us_pron_ogg/v/vol/volun/voluntary__us_1.ogg
voting,B2,noun,https://www.oxfordlearnersdictionaries.com/media/english/us_pron_ogg/v/vot/votin/voting__us_1.ogg
vulnerability,C1,noun,https://www.oxfordlearnersdictionaries.com/media/english/us_pron_ogg/v/vul/vulne/vulnerability__us_1.ogg
vulnerable,C1,adjective,https://www.oxfordlearnersdictionaries.com/media/english/us_pron_ogg/v/vul/vulne/vulnerable__us_1.ogg
warehouse,C1,noun,https://www.oxfordlearnersdictionaries.com/media/english/us_pron_ogg/w/war/wareh/warehouse__us_1.ogg
warfare,C1,noun,https://www.oxfordlearnersdictionaries.com/media/english/us_pron_ogg/w/war/warfa/warfare__us_1.ogg
warming,B2,noun,https://www.oxfordlearnersdictionaries.com/media/english/us_pron_ogg/w/war/warmi/warming__us_1.ogg
warrant,C1,"noun, verb",https://www.oxfordlearnersdictionaries.com/media/english/us_pron_ogg/w/war/warra/warrant__us_1_rr.ogg
washing,A2,noun,https://www.oxfordlearnersdictionaries.com/media/english/us_pron_ogg/w/was/washi/washing__us_1.ogg
well-being,C1,noun,https://www.oxfordlearnersdictionaries.com/media/english/us_pron_ogg/w/wel/well_/well_being_1_us_3.ogg
whatsoever,C1,adverb,https://www.oxfordlearnersdictionaries.com/media/english/us_pron_ogg/w/wha/whats/whatsoever__us_6.ogg
whereby,C1,adverb,https://www.oxfordlearnersdictionaries.com/media/english/us_pron_ogg/w/whe/where/whereby__us_1_rr.ogg
whilst,C1,conjunction,https://www.oxfordlearnersdictionaries.com/media/english/us_pron_ogg/w/whi/whils/whilst__us_1.ogg
wholly,C1,adverb,https://www.oxfordlearnersdictionaries.com/media/english/us_pron_ogg/w/who/wholl/wholly__us_1.ogg
workforce,B2,noun,https://www.oxfordlearnersdictionaries.com/media/english/us_pron_ogg/w/wor/workf/workforce__us_1.ogg
wow,A2,exclamation,https://www.oxfordlearnersdictionaries.com/media/english/us_pron_ogg/w/wow/wow__/wow__us_1.ogg
youngster,C1,noun,https://www.oxfordlearnersdictionaries.com/media/english/us_pron_ogg/y/you/young/youngster__us_1.ogg
zero,A2,number,https://www.oxfordlearnersdictionaries.com/media/english/us_pron_ogg/z/zer/zero_/zero__us_1_rr.ogg
