word,cefr,pos
'm,A1,be-verb
're,A1,be-verb
's,A1,be-verb
a.m./a.m./am/am,A1,adverb
abandoned,B2,adjective
abnormal,B1,adjective
abnormally,B2,adverb
aboard,B1,adverb
aboriginal,B2,adjective
aborigine,B1,noun
abruptly,B2,adverb
absentee,B2,noun
abundant,B1,adjective
accessibility,B2,noun
accessory,B1,noun
accidental,B1,adjective
accustom,B1,verb
ache,B2,verb
achievable,B2,adjective
acknowledgment/acknowledgement,B1,noun
acquaintance,B1,noun
actively,B2,adverb
adaptable,B2,adjective
addict,B2,noun
addicted,B2,adjective
addressee,B1,noun
adjective,A2,noun
admirable,B2,adjective
admiration,B1,noun
admiringly,B2,adverb
admittedly,B2,adverb
adopted,B2,adjective
adorable,B1,adjective
adore,B2,verb
adorn,B2,verb
advancement,B2,noun
advent,B2,noun
adventurous,B2,adjective
adverb,B1,noun
adverbial,B1,adjective
adversely,B2,adverb
adversity,B2,noun
advert,B1,noun
adviser/advisor,B1,noun
aerobics,B1,noun
affectionate,B2,adjective
affectionately,B2,adverb
afterward,B1,adverb
ageless,B2,adjective
aggressively,B2,adverb
agonize/agonise,B2,verb
agony,B2,noun
air conditioning,B1,noun
air force,B1,noun
aircrew,B2,noun
airplane/aeroplane,A1,noun
aisle,A2,noun
alarm clock,A2,noun
alcoholism,B2,noun
allergic,B1,adjective
aloud,B1,adverb
alphabet,B1,noun
alphabetical,B2,adjective
alright,A2,adverb
altar,B2,noun
alternate,B2,verb
alternatively,B2,adverb
altitude,B2,noun
aluminum/aluminium,B2,noun
am,A1,be-verb
amaze,B2,verb
amazement,B2,noun
amazingly,B2,adverb
ambiguity,B2,noun
ambiguous,B2,adjective
ammonia,B2,noun
amongst,B2,preposition
ample,B2,adjective
amplifier,B2,noun
amplify,B2,verb
amuse,B2,verb
amused,A2,adjective
amusement,A2,noun
an,A1,determiner
analyze/analyse,B1,verb
anchorage,B2,noun
anchorman,B2,noun
anchorperson,B2,noun
anguish,B2,noun
animate,B2,verb
animated,B1,adjective
annoyance,B1,noun
ant,B1,noun
anti,B1,adjective
antiaircraft,B2,adjective
antibacterial,B2,adjective
anticancer,B2,noun
anticipation,B2,noun
antipollution,B2,noun
antique,B1,noun
antistatic,B2,adjective
antivirus,B2,noun
antonym,B1,noun
anxiously,B1,adverb
anyhow,B1,adverb
anymore,A2,adverb
ape,B1,noun
apologize/apologise,A2,verb
apostrophe,B2,noun
applause,B1,noun
appreciative,B2,adjective
approximate,B2,adjective
apron,A1,noun
arch,B2,noun
archaeologist/archeologist,B2,noun
arctic,B2,adjective
are,A1,be-verb
aristocracy,B2,noun
arithmetic,B1,noun
armchair,A2,noun
armful,B2,noun
arouse,B2,verb
arrogant,B2,adjective
artery,B2,noun
artificially,B2,adverb
artistry,B2,noun
aspirin,B1,noun
astonish,B2,verb
astonished,B2,adjective
astonishment,B2,noun
astronaut,A2,noun
astronomer,B1,noun
astronomy,B2,noun
athletic,B1,adjective
athletics,B2,noun
atlantic,B1,adjective
atom,A2,noun
atomic,B1,adjective
attached,B2,adjective
attainable,B2,adjective
attainment,B2,noun
attentive,B2,adjective
attentively,B2,adverb
attractiveness,B2,noun
atypical,B2,adjective
aubergine,B2,noun
audition,B2,noun
authoritative,B2,adjective
authorize/authorise,B2,verb
auxiliary,B1,adjective
avenue,B1,noun
awake,A1,adjective
awe,B2,noun
awesome,B1,adjective
ax/axe,B2,noun
axis,B2,noun
babysit,B1,verb
babysitter,B1,noun
backache,B1,noun
backpack,B1,noun
backpacker,B1,noun
backpacking,B1,noun
backward/backwards,B2,adverb
backyard,B2,noun
bacon,B1,noun
bad-tempered,B2,adjective
badminton,A2,noun
baggage,B1,noun
baker,B1,noun
bakery,B1,noun
balcony,A2,noun
bald,B1,adjective
balky,B2,adjective
ballad,B2,noun
bandage,B1,noun
bang,B1,verb
bank account,B1,noun
banker,B2,noun
banking,A2,noun
bankrupt,B2,verb
bankruptcy,B2,noun
barbecue,B1,verb
barber,A2,noun
barbershop,B2,noun
bark,B2,verb
barley,B2,noun
barman,B1,noun
barn,B2,noun
barometer,B2,noun
barren,B2,adjective
bartender,B2,noun
basin,B1,noun
batch,A2,noun
bathe,B1,verb
bathhouse,B2,noun
beagle,B2,noun
beak,B2,noun
beard,B1,noun
bearing,B2,noun
beautifully,B1,adverb
beautify,B2,verb
beaver,B1,noun
because of,B1,preposition
bedside,B1,noun
been,A2,be-verb
beginner,A2,noun
behavior/behaviour,A2,noun
bellow,B2,verb
belly,A2,noun
belongings,B2,noun
benevolence,B2,noun
benevolent,B2,adjective
berry,B2,noun
bestow,B2,verb
bestseller,B2,noun
bewilder,B2,verb
bewilderment,B2,noun
bidding,B2,noun
bikini,B2,noun
bilingual,B1,adjective
bio,B2,noun
biochemistry,B1,noun
biotechnology,B2,noun
birdcage,B2,noun
birthplace,B2,noun
bitterly,B2,adverb
blackboard,A2,noun
blaze,B2,verb
blindly,B2,adverb
blindness,B2,noun
blink,B2,verb
blogger,B1,noun
bloodstream,B2,noun
bloody,B2,adverb
bloom,A2,noun
blooming,B2,adjective
blossom,B2,noun
blur,B2,verb
blurt,B2,noun
blush,B2,verb
board game,A2,noun
boiled,A2,adjective
boiling,B2,adjective
boldly,B1,adverb
bolt,B2,verb
bombard,B2,noun
bomber,B2,noun
bony,B2,adjective
bookcase,A2,noun
bookish,B2,adjective
booklet,B2,noun
bookmark,B2,verb
bookshelf,A2,noun
bookshop,A2,noun
bookstore,A1,noun
booth,B2,noun
bore,B1,verb
boredom,B1,noun
bossy,B2,adjective
botany,B2,noun
bothered,B2,adjective
bothersome,B2,adjective
bourbon,B2,noun
boxer,B2,noun
boxing,B1,noun
bra,A2,noun
bracelet,B1,noun
bracket,B2,noun
brag,B2,noun
brainstorm,A2,noun
brainstorming,B1,noun
brake,B2,verb
brand-new,B1,adjective
brass,B1,noun
bravely,B1,adverb
bravery,B2,noun
breakable,B2,adjective
breakup,B2,noun
breathless,B1,adjective
breathtaking,B2,adjective
breeding,B1,noun
breeze,A2,noun
breezy,B2,adjective
brewery,B2,noun
brightly,B1,adverb
brilliantly,B2,adverb
broaden,B2,verb
broccoli,B1,noun
brochure,B2,noun
bronze,B1,noun
brother-in-law,B2,noun
brotherhood,B1,noun
browse,B2,verb
bruise,B2,noun
bucket,A1,noun
bud,B2,noun
builder,B1,noun
bulb,A2,noun
bulimia,B2,noun
bull,B1,noun
bulletin,B1,noun
bully,B2,verb
bum,B2,noun
bump,B1,verb
bumper,B2,noun
bun,B2,noun
burdensome,B2,adjective
bureau,B1,noun
burger,A1,noun
burglar,B1,noun
burglary,B2,noun
burgle,B2,verb
burning,B1,adjective
bus station,A2,noun
bus stop,A2,noun
businesswoman,A2,noun
bust,B1,verb
bustle,B2,verb
bustling,B2,adjective
butcher,B2,verb
butterfly,A1,noun
buyer,B1,noun
buzz,B2,verb
cab,A2,noun
cabbage,B1,noun
cafe/café,A1,noun
cafeteria,A2,noun
cage,B1,noun
calculator,B1,noun
calendar,A2,noun
calf,B1,noun
caller,B1,noun
calmly,B2,adverb
calmness,B1,noun
camel,B1,noun
campsite,B1,noun
candy,A1,noun
cane,B2,noun
canned,B1,adjective
cannonball,B2,noun
canon,B2,noun
canteen,B1,noun
capital letter,A2,noun
capsule,B1,noun
caption,B2,noun
captive,B2,noun
car park,A2,noun
caravan,B2,noun
carbon dioxide,B2,noun
carbon footprint,B2,noun
carbon monoxide,B2,noun
cardboard,B2,noun
cardigan,B2,noun
carefree,B2,adjective
carelessly,B1,adverb
carelessness,B1,noun
caring,B2,adjective
carnival,B2,noun
carpool,B2,noun
carton,B1,noun
cascade,B2,noun
cashpoint,B1,noun
cassette,A2,noun
casually,B2,adverb
catalog/catalogue,B2,noun
catalyst,B2,noun
catastrophe,B2,noun
catastrophic,B2,adjective
catchy,B2,adjective
categorization/categorisation,B2,noun
categorize/categorise,B1,verb
catering,B2,noun
cathedral,B2,noun
cd player,A1,noun
cd-rom,B1,noun
cellar,B2,noun
cellist,B2,noun
cello,B2,noun
center/centre,A2,noun
centigrade,B2,noun
centimeter/centimetre,A2,noun
central heating,B1,noun
cereal,A2,noun
certification,B2,noun
certify,B2,verb
champagne,A2,noun
chancellor,B2,noun
chaotic,B2,adjective
characterize/characterise,B1,verb
chariot,B1,noun
chat show,B1,noun
check-in counter/check-in,B1,noun
check-in desk/check-in,B1,noun
checkout,B1,noun
checkpoint,B2,noun
cheeky,B2,adjective
cheerfully,B2,adverb
cheerfulness,B2,noun
chemist,B1,noun
chemotherapy,B2,noun
cheque,A2,noun
cherish,B1,verb
cherished,B2,adjective
cherry,B2,noun
chess,A2,noun
chest of drawers,B1,noun
chew,B2,verb
chewing gum,B1,noun
childish,B2,adjective
chili/chilli,A2,noun
chimney,B2,noun
chimpanzee,A2,noun
chin,A2,noun
chirp,A2,noun
choke,B1,verb
christian,B1,adjective
chronological,B1,adjective
chuckle,B1,noun
circuitry,B2,noun
circular,B1,adjective
circus,B1,noun
citywide,B2,adjective
civilization/civilisation,B1,noun
clam,B2,noun
clap,B2,verb
classical music,A2,noun
classmate,A1,noun
cleaner,A2,noun
clearness,B2,noun
clerical,B2,adjective
climate change,B2,noun
climber,B1,noun
climbing,A2,noun
clog,B2,verb
clone,A2,verb
cloudy,A1,adjective
clown,A2,noun
clumsy,B2,adjective
coaching,B2,noun
coarse,B2,adjective
coastline,B2,noun
cocoa,B2,noun
coconut,B2,noun
cod,B1,noun
coffin,B1,noun
coherence,B2,noun
coherent,B2,adjective
coke,A1,noun
cola,A2,noun
collar,B1,noun
collocation,B2,noun
colon,B2,noun
color/colour,A1,verb
colorful/colourful,A2,adjective
coma,B2,noun
comb,B2,verb
comedian,B1,noun
comet,B1,noun
comfortably,B2,adverb
comma,B1,noun
commemorate,B2,verb
common sense,B1,noun
commonwealth,B2,noun
communicative,B2,adjective
commute,B2,verb
compassionate,B2,adjective
compatible,B2,adjective
complexion,B2,noun
complicate,B1,verb
compliment,B1,noun
comprehension,B2,noun
compress,B2,noun
compression,B2,noun
conceit,B2,noun
conceivable,B2,adjective
concerning,B2,preposition
conductor,B2,noun
cone,B2,noun
conferencing,B2,noun
confidently,B2,adverb
conjunction,B2,noun
connection/connexion,B1,noun
conquest,B2,noun
considering,B2,preposition
consolation,B2,noun
console,B2,verb
consonant,B1,noun
contaminate,B2,verb
continual,B1,adjective
continuously,B1,adverb
contradict,B2,verb
contradictory,B2,adjective
conveniently,B2,adverb
converse,B2,noun
conversely,B2,adverb
cookie,A1,noun
cooler,A2,noun
cooperation,B2,noun
coral,B2,noun
corn,A1,noun
cornerstone,B2,noun
cornet,B2,noun
corona,B2,noun
corporal,B2,adjective
correctness,B2,noun
couch,A1,noun
cough,B1,verb
counseling/counselling,B1,noun
countryman,B2,noun
countrywide,B2,adjective
courageous,B1,adjective
courgette,B1,noun
coward,B2,noun
cowardly,B2,adjective
coziness/cosiness,B2,noun
cozy/cosy,B2,adjective
crab,B2,noun
craftsman,B2,noun
crater,B2,noun
crease,B2,noun
creatively,B2,adverb
credit card,A1,noun
creek,B2,noun
creepy,B2,adjective
cricket,A2,noun
cripple,B2,noun
crisp,A2,noun
criticize/criticise,A2,verb
crocodile,B2,noun
crossing,B1,noun
crossly,B2,adverb
crossroads,B1,noun
crow,B1,noun
cruelly,B2,adverb
cruelty,B2,noun
crystallize/crystallise,B2,verb
cube,B2,noun
cubism,B2,noun
cucumber,B1,noun
cuff,B2,noun
culmination,B2,noun
culturally,B2,adverb
curiously,B1,adverb
curl,B2,noun
curry,A2,noun
curse,A2,noun
cursor,B2,noun
cushion,B1,noun
customs,B1,noun
cv,B1,noun
cyberaddict,B2,noun
cybercafe/cybercafé,B2,noun
cybercrime,B2,noun
cyberpet,B2,noun
cyberschool,B2,noun
cyberspace,B2,noun
cycling,A2,noun
cyclist,B2,noun
daddy,A1,noun
daft,B2,adjective
daisy,B1,noun
damaged,B1,adjective
damn,B2,interjection
damp,B1,adjective
dandelion,B2,noun
dangerously,B1,adverb
darling,B2,noun
dash,B2,verb
dated,B2,adjective
dating,B1,noun
daughter-in-law,B2,noun
daylight,A2,noun
daytime,B2,noun
daze,B1,noun
dazzle,B1,noun
de facto,B2,adjective
deaf,B1,adjective
dearly,B2,adverb
debit,B2,verb
debit card,B2,noun
decay,B2,verb
deceive,B2,verb
deceptive,B2,adjective
decomposition,B2,noun
decorative,B2,adjective
dedicate,B1,verb
deduce,B2,verb
deduction,B2,noun
deer,B2,noun
defense/defence,B1,noun
definite article,B1,noun
deforestation,B2,noun
dehumanize/dehumanise,B2,verb
delicacy,B2,noun
delicately,B2,adverb
delightful,B1,adjective
demanding,B2,adjective
demolish,B2,verb
denim,B2,noun
densely,B2,adverb
dental,B2,adjective
department store,A2,noun
dependable,B2,adjective
descriptive,B2,adjective
desolation,B2,noun
despair,B1,noun
desperation,B2,noun
despise,B2,verb
dessert,A2,noun
destiny,B2,noun
detach,B2,verb
detachment,B2,noun
determiner,B2,noun
devastating,B1,adjective
developed,A2,adjective
developing,B2,adjective
devoted,B2,adjective
devotion,B1,noun
dial,B1,verb
dialog/dialogue,B1,noun
diameter,B1,noun
diaper,B1,noun
diarrhea/diarrhoea,B2,noun
did,A1,do-verb
digest,B2,noun
digital camera,A2,noun
dignify,B2,verb
diligence,B1,noun
diligent,B1,adjective
dim,B2,adjective
dime,B2,noun
dining room,A1,noun
dinosaur,A2,noun
dioxide,B1,noun
diphtheria,B2,noun
diploma,B2,noun
disable,B1,verb
disappearance,B2,noun
disapproval,B2,noun
disapprove,B2,verb
disc jockey/disk jockey,B1,noun
disciple,B2,noun
disco,A2,noun
discomfort,B1,noun
disconnect,B2,verb
discredit,B2,verb
discriminate,B2,verb
disgrace,B2,noun
disguise,B2,verb
disgusting,B1,adjective
dishonesty,B2,noun
dishwasher,B1,noun
disillusion,B2,verb
disk/disc,B1,noun
disorderly,B2,adjective
disorganized/disorganised,B2,adjective
dispensable,B2,adjective
displeasure,B2,noun
disposition,B2,noun
disqualify,B2,verb
disregard,B2,noun
dissatisfaction,B2,noun
dissatisfied,B2,adjective
dissident,B2,noun
distinctly,B1,adverb
distinguished,B2,adjective
distortion,B2,noun
distraction,B2,noun
distressing,B2,adjective
distributor,B2,noun
disturbance,B1,noun
diver,B1,noun
diversion,B2,noun
divided,B2,adjective
diving,B1,noun
dizzy,A2,adjective
dj,B1,noun
dna,B2,noun
doc,B1,noun
dock,B2,noun
doctor/dr./dr,A1,noun
does,A1,do-verb
doing,A1,do-verb
doll,A1,noun
dolphin,B1,noun
done,A2,do-verb
donkey,B2,noun
doom,B2,noun
doorkeeper,B2,noun
doorway,B2,noun
dorm,B2,noun
dormitory,B2,noun
doubly,B2,adverb
doubtful,B2,adjective
dove,B2,noun
downfall,B2,noun
downsize,B2,verb
downward,B1,adjective
dowry,B2,noun
doze,B1,noun
draft/draught,B2,noun
drapery,B2,noun
drawer,A2,noun
dread,B2,verb
dreadful,B2,adjective
dreamy,B2,adjective
drill,A2,noun
drinkable,B2,adjective
driver's license/driving licence,A2,noun
droop,B2,noun
dropout,B2,noun
drugstore,A2,noun
duck,A2,noun
dude,B1,noun
duel,B2,noun
duplicate,B2,noun
duplication,B2,noun
dustbin,B1,noun
dusty,B1,adjective
duty-free,B1,adjective
duvet,B1,noun
dwarf,B2,noun
dye,B2,noun
dynasty,B1,noun
each other,A1,pronoun
eagerly,B2,adverb
eagerness,B1,noun
eagle,B2,noun
earache,B1,noun
earnest,B1,adjective
earring,A2,noun
eastward,B2,adverb
easygoing/easy-going,B1,adjective
eco,B1,noun
ecologically,B2,adverb
ecologist,B2,noun
ecology,B1,noun
economical,B2,adjective
ecosystem,B1,noun
ecstasy,B1,noun
ecstatic,B2,adjective
elective,B2,adjective
electrician,B2,noun
electron,B1,noun
electronically,B2,adverb
elegance,B2,noun
elegantly,B2,adverb
elemental,B2,adjective
elevator,A2,noun
eloquence,B2,noun
eloquent,B2,adjective
email/e-mail/e-mail,A1,noun
embarrass,B1,verb
emperor,B1,noun
emphasize/emphasize,B1,verb
emphatically,B2,adverb
enclose,B1,verb
encyclopedia/encyclopaedia,B1,noun
endanger,B1,verb
endangered,A2,adjective
endeavor/endeavour,B2,noun
endlessly,B2,adverb
endurance,B2,noun
enduring,B2,adjective
energetic,A2,adjective
englishman,B1,noun
engulf,B2,verb
enjoyment,B1,noun
enroll/enrol,B2,verb
entertainer,B1,noun
enthusiastically,B2,adverb
environmentalist,B1,noun
environmentally,B2,adverb
environmentally friendly,B2,adjective
envy,B2,verb
equity,B2,noun
eruption,B2,noun
escalator,A2,noun
essayist,B2,noun
estimated,B2,adjective
eternally,B2,adverb
eternity,B1,noun
evacuation,B2,noun
evenly,B1,adverb
everlasting,B2,adjective
evidently,B2,adverb
exactness,B2,noun
exaggeration,B2,noun
exalt,B2,verb
examinee,B2,noun
examiner,B1,noun
excel,B2,verb
exceptionally,B2,adverb
exchange rate,B1,noun
excitedly,B1,adverb
exclaim,B2,verb
exclamation mark,B2,noun
excursion,B2,noun
exhaust,B2,noun
exhausted,B1,adjective
exhausting,B2,adjective
exhaustion,B2,noun
existing,B2,adjective
explorer,B2,noun
expressive,B2,adjective
exquisite,B2,adjective
extinct,B1,adjective
extinction,B1,noun
extraordinarily,B2,adverb
extreme sports,B1,noun
exultant,B2,adjective
eyebrow,B2,noun
eyelash,B2,noun
eyelid,B2,noun
eyesight,B1,noun
face to face,B1,adverb
face-to-face,B1,adjective
facilities,B2,noun
faint,B2,verb
fairy,A1,noun
faithful,B1,adjective
fallen,B1,adjective
falter,B2,verb
familiarize/familiarise,B2,verb
fantastically,B2,adverb
faraway,B1,adjective
farewell,B1,noun
farmland,B1,noun
farther,B1,adverb
farthest,B1,adverb
fascinate,B1,verb
fascinated,B2,adjective
fascination,B2,noun
fast food,A2,noun
father-in-law,B2,noun
faulty,B2,adjective
favor/favour,A2,noun
favorable/favourable,B1,adjective
favorite/favourite,A1,noun
fax,B1,verb
fearsome,B2,adjective
feast,B1,noun
fed up,B2,adjective
ferry,B1,noun
ferryboat,B2,noun
festive,B1,adjective
fetch,B1,verb
feverishly,B1,adverb
fiber/fibre,B2,noun
fictional,B2,adjective
fighter,A2,noun
figurative,B2,adjective
filial,B2,adjective
filling,B1,noun
financially,B2,adverb
finely,B2,adverb
fingernail,B2,noun
fire brigade,B2,noun
fire station,B1,noun
fireplace,B2,noun
firmness,B2,noun
first floor,B1,noun
first lady,B1,noun
first language,B2,noun
first name,A2,noun
first person,B2,noun
first-floor,B1,adjective
fiscal,B2,adjective
fisherman,A2,noun
flap,B2,verb
flavor/flavour,B1,noun
flawless,B2,adjective
flax,B2,noun
flea,A2,noun
flexibly,B2,adverb
flip,B2,verb
flock,B1,noun
fluency,B2,noun
fluent,B1,adjective
fluently,B1,adverb
flunk,B1,verb
flute,B1,noun
flutter,B2,noun
fog,A2,noun
foggy,A1,adjective
folder,A2,noun
follower,B2,noun
folly,B2,noun
fondly,B2,adverb
fondness,B1,noun
foolish,B1,adjective
foolishly,B2,adverb
footballer,A2,noun
footnote,B2,noun
forbidden,B1,adjective
forcefully,B2,adverb
forehead,B1,noun
foreman,B2,noun
foresee,B2,verb
forestry,B2,noun
formally,B1,adverb
formidable,B2,adjective
fortnight,B1,noun
foul,B2,adjective
fountain,B1,noun
fox,B2,noun
fragrance,B2,noun
frank,A2,adjective
frantically,B2,adverb
freak,B2,verb
freezer,B1,noun
freezing,B1,adjective
freshman,B1,noun
fried,A2,adjective
friendliness,B1,noun
frigate,B2,noun
fright,B1,noun
frontier,B2,noun
frost,B1,noun
frugal,B2,adjective
frying pan,B1,noun
fulfill/fulfil,B2,verb
full stop,B1,noun
fume,B2,noun
functionality,B2,noun
funk,B2,noun
funky,B2,adjective
furiously,B2,adverb
furnish,B1,verb
furor/furore,B2,noun
furthest,B1,adverb
fuss,B1,noun
gaiety,B2,noun
gall,B1,noun
gangster,B2,noun
garbage,A1,noun
gardener,B2,noun
gardening,B1,noun
garlic,A2,noun
garment,B1,noun
gasp,B2,noun
gateway,B2,noun
gaudy,B2,adjective
gee,B1,interjection
generalization/generalisation,B2,noun
generalize/generalise,B2,verb
generosity,B2,noun
generously,B2,adverb
genetically,B1,adverb
genetics,B1,noun
gently,B2,adverb
geographic,B2,adjective
geographical,B1,adjective
geology,B1,noun
germ,B2,noun
getaway,B2,noun
ghetto,B2,noun
gifted,B1,adjective
giggle,B1,noun
ginger,B1,noun
giraffe,B1,noun
giveaway,B2,noun
given,A2,adjective
glacis,B2,noun
glamorous/glamourous,B2,adjective
glare,B2,noun
glasses,A1,noun
gleam,B2,noun
glee,B2,noun
glide,B1,noun
glint,B1,noun
global warming,B2,noun
globally,B2,adverb
glocal,B2,adjective
gloomy,B2,adjective
glorify,B2,verb
glow,B2,noun
goalkeeper,B1,noun
goat,B2,noun
goddess,B1,noun
godly,B2,adjective
golfer,B1,noun
good afternoon,A1,interjection
good morning,A1,interjection
good night,A1,interjection
good-looking,A2,adjective
goodwill,B2,noun
gook,B2,noun
gorge,B2,noun
gorilla,B1,noun
gossip,B2,verb
governmental,B2,adjective
gown,B1,noun
graceful,B1,adjective
gracefulness,B2,noun
gradual,B2,adjective
graduation,B1,noun
gram/gramme,A2,noun
grammar,A1,noun
grandchild,A2,noun
granddad,A2,noun
granddaughter,A2,noun
grandma,A1,noun
grandpa,A1,noun
grandson,A2,noun
granny,A2,noun
grape,A1,noun
graph,B1,noun
graphically,B2,adverb
gratitude,B1,noun
gravestone,B2,noun
gravitation,B2,noun
gravy,B1,noun
gray/grey,A1,noun
greatness,B2,noun
greedy,A2,adjective
greeting,B1,noun
grieve,B2,verb
grill,B1,verb
grilled,A2,adjective
grim,B2,adjective
grocery store,A2,noun
groom,B1,noun
ground floor,B1,noun
grouping,B1,noun
growing,B2,adjective
grown-up,B2,noun
guidebook,A2,noun
guitarist,B1,noun
gulp,B2,noun
gum,B2,noun
gunshot,B2,noun
guts,B2,noun
gymnastic,B2,adjective
gymnastics,B1,noun
habitant,B2,noun
had,A1,have-verb
haircut,A1,noun
hairdresser,B1,noun
hairdryer,B1,noun
hairy,B2,adjective
half-price,A2,adverb
ham,A2,noun
hamburger,A1,noun
hammer,B2,verb
hand-held,B1,adjective
handbag,A2,noun
handball,B1,noun
handicap,B2,noun
handicapped,A2,adjective
handicraft,B2,noun
handkerchief,B1,noun
handout,B2,noun
handrail,B2,noun
handshake,B1,noun
handsome,A1,adjective
handwriting,B1,noun
hanging,B1,adjective
harbor/harbour,B1,noun
hard drive,B2,noun
hard-working,B1,adjective
hardship,B1,noun
harmless,B2,adjective
harness,B1,noun
harrow,B2,noun
has,A1,have-verb
haste,B2,noun
hastily,B2,adverb
hasty,B1,adjective
hatch,B1,noun
hatching,B2,noun
haunting,B2,adjective
haven,B1,noun
hay,B2,noun
hazardous,B2,adjective
headphone,A2,noun
headteacher,A2,noun
healing,B1,adjective
health care,B2,noun
heap,B2,verb
heart attack,B1,noun
heartbreaking,B2,adjective
hearted,B1,adjective
heartwarming/heart-warming,B2,adjective
hearty,B1,adjective
heater,B1,noun
heavenly,B1,adjective
hedge,B2,noun
helper,B2,noun
helpless,B1,adjective
hemp,B2,noun
herd,B1,noun
hesitation,B2,noun
high school,A2,noun
high-tech/hi-tech,B2,adjective
hijack,B2,verb
hike,A2,noun
hiking,A2,noun
hip hop/hip-hop/hiphop,A2,noun
hiv,B1,noun
holder,B2,noun
holocaust,B2,noun
hometown,A1,noun
homeward,B2,adjective
hone,B2,noun
honestly,B1,adverb
honey,A2,noun
honeymoon,B1,noun
honor/honour,B2,verb
honorable/honourable,B2,adjective
hood,B2,noun
hop,B1,noun
hopeless,B1,adjective
horrify,B1,verb
hospice,B2,noun
hospitable,B2,adjective
hospitality,B2,noun
hospitalize/hospitalise,B2,verb
hostel,B1,noun
hourly,B2,adjective
housekeeper,B2,noun
housemaster,B2,noun
housewife,B2,noun
housework,B1,noun
hover,B2,verb
hug,A2,verb
hugely,B2,adverb
human rights,B2,noun
humane,B2,adjective
humanist,B2,noun
humanize/humanise,B2,verb
humbug,B2,noun
humid,B1,adjective
humiliate,B2,verb
humiliating,B2,adjective
humiliation,B2,noun
humor/humour,B1,noun
hunter,A2,noun
hurriedly,B1,adverb
hush,B2,verb
hut,B1,noun
hybrid,B2,adjective
hygiene,B2,noun
hyperbole,B2,noun
hyphen,B2,noun
ice hockey,B1,noun
ice skating,B1,noun
iceman,B2,noun
icy,B2,adjective
id card,A2,noun
ideally,B2,adverb
identity card,B1,noun
idiom,B1,noun
idle,B2,adjective
idol,B1,noun
idolize/idolise,B2,verb
ignorant,B2,adjective
illegally,B1,adverb
illuminate,B1,verb
imitate,B1,verb
imitation,B2,noun
immerse,B2,verb
immigrate,B1,verb
immoral,B2,adjective
immortal,B2,adjective
immortality,B2,noun
impair,B1,verb
impartial,B2,adjective
impatiently,B2,adverb
imperative,B2,noun
impermanent,B2,adjective
impolite,B2,adjective
impolitely,B2,adverb
importantly,A2,adverb
impossibility,B2,noun
impractical,B2,adjective
impressionism,B2,noun
impressionist,B2,noun
improbable,B2,adjective
improper,B1,adjective
improperly,B2,adverb
improved,B2,adjective
impulse,B2,noun
impulsive,B2,adjective
inaccurate,B2,adjective
inanimate,B2,adjective
inborn,B2,adjective
incense,B2,noun
inconvenient,B1,adjective
incurable,B2,adjective
indebted,B2,adjective
indefinite article,B1,noun
indent,B2,verb
independently,B2,adverb
indescribable,B2,adjective
indifferent,B2,adjective
indignity,B2,noun
indirectly,B1,adverb
indispensable,B2,adjective
indulgent,B2,adjective
industrialize/industrialise,B2,verb
ineffective,B2,adjective
inert,B2,adjective
inexpensive,A2,adjective
inexperienced,B2,adjective
infected,B2,adjective
infectious,B2,adjective
inference,B2,noun
infinitive,B1,noun
inflammation,B2,noun
inflammatory,B2,adjective
inflate,B2,verb
influenza,B2,noun
informative,B1,adjective
infringe,B2,verb
infringement,B2,noun
inhabit,B2,verb
inhale,B1,verb
innate,B2,adjective
innermost,B1,adjective
innocently,B2,adverb
innovator,B1,noun
inquire/enquire,B2,verb
inquiry/enquiry,B1,noun
insane,B1,adjective
inscribe,B1,verb
inscription,B1,noun
inseparable,B2,adjective
inspirational,B2,adjective
install/instal,B1,verb
instead of,B1,preposition
instill/instil,B2,verb
intentionally,B1,adverb
intermission,B1,noun
internationally,B1,adverb
internet/internet,A1,noun
interpersonal,B2,adjective
interpreter,B2,noun
interruption,B2,noun
intersection,B2,noun
interviewee,B1,noun
interviewer,A1,noun
intransitive,B2,adjective
intravenous,B2,adjective
intrude,B2,verb
intruder,B2,noun
intrusion,B2,noun
invariable,B2,adjective
invariably,B2,adverb
inventor,B2,noun
inverted commas,B2,noun
invitingly,B2,adverb
involuntarily,B1,adverb
ironing,B1,noun
irrational,B2,adjective
irregular,B1,adjective
irresistible,B2,adjective
irresistibly,B2,adverb
irresponsible,B2,adjective
irritate,B1,verb
irritated,B2,adjective
irritating,B2,adjective
irritation,B2,noun
is,A1,be-verb
islander,B2,noun
isle,B1,noun
italicize/italicise,B2,verb
itch,B2,verb
ivory,B1,noun
jade,B1,noun
jail/gaol,B1,noun
jar,B1,noun
jaw,B2,noun
jealous,B1,adjective
jealously,B2,adverb
jelly,A2,noun
jeopardize/jeopardise,B2,verb
jewel,B1,noun
jeweler/jeweller,B2,noun
jewelry/jewellery,A1,noun
jog,B1,verb
jogging,B1,noun
judgment/judgement,B1,noun
judo,B2,noun
jug,B1,noun
juicy,B1,adjective
jumper,B1,noun
jungle,B1,noun
junk,A2,noun
junk food,B2,noun
juror,B2,noun
kangaroo,B2,noun
karaoke,B2,noun
keeper,B2,noun
kerosene,B2,noun
kettle,B1,noun
keystroke,B2,noun
killer,A2,noun
kilo,A2,noun
kilogram/kilogramme,A2,noun
kilometer/kilometre,A2,noun
kindly,B1,adverb
kindness,B1,noun
kite,A1,noun
kitten,B1,noun
kneel,B2,verb
knit,B1,verb
knot,B2,noun
knowingly,B2,adverb
known,B2,adjective
labor/labour,A2,noun
laborer/labourer,B2,noun
lamb,B1,noun
lame,B2,adjective
lance,B2,noun
landlady,B2,noun
landslide,B2,noun
lark,B2,noun
last minute,B2,noun
last name,A1,noun
last-minute,B2,adjective
lasting,B1,adjective
lastly,B2,adverb
latecomer,B1,noun
laundry,B2,noun
lava,B2,noun
lawful,B1,adjective
lawmaker,B2,noun
layabout,B2,noun
laziness,A2,noun
learner,A2,noun
lease,B2,noun
leash,B2,noun
lecturer,B2,noun
leek,B2,noun
left-hand,A2,adjective
legally,B1,adverb
legislate,B2,verb
legislator,B2,noun
leisurely,B2,adverb
lemonade,A2,noun
lengthen,B2,verb
leopard,B2,noun
lessen,B1,verb
lest,B2,conjunction
lettuce,B1,noun
liar,B1,noun
liberate,B1,verb
librarian,B1,noun
license/licence,A2,verb
lick,B2,verb
lid,B2,noun
lifeguard,B1,noun
lifeless,B2,adjective
lighten,B2,verb
lighter,B1,noun
lightly,B1,adverb
lightning,B1,noun
likeness,B1,noun
lily,A1,noun
limp,B1,verb
linen,B2,noun
liner,B2,noun
ling,B2,noun
liter/litre,A2,noun
literal,B2,adjective
living room,A1,noun
loaf,B1,noun
lodge,B1,noun
loneliness,B2,noun
long-distance,B2,adjective
loosely,B2,adverb
loudspeaker,B1,noun
lousy,B2,adjective
lover,A2,noun
lovingly,B1,adverb
lowland,B2,noun
luckily,A2,adverb
lucrative,B2,adjective
luggage,B1,noun
lunchtime,A2,noun
lush,B2,adjective
luxurious,B2,adjective
lyrics,B2,noun
madam,B2,noun
madame,B2,noun
madness,B2,noun
maestro,B2,noun
magician,B1,noun
magnify,B2,verb
mailbox,B1,noun
main course,A2,noun
maker,A2,noun
malady,B2,noun
malaria,B2,noun
mama/mamma,B2,noun
mango,B2,noun
mankind,B1,noun
mansion,B2,noun
manual,B2,noun
manufacturer,B2,noun
maple,B1,noun
marble,B1,noun
marked,B1,adjective
martial art,B2,noun
marvelous/marvellous,A2,adjective
mash,B1,verb
massage,B2,noun
masseur,B2,noun
masterpiece,B2,noun
mastery,B2,noun
math/maths,A1,noun
mathematician,B1,noun
mausoleum,B2,noun
max,A2,noun
mechanize/mechanise,B2,verb
medieval/mediaeval,B2,adjective
mediocre,B2,adjective
meditate,B1,verb
mediterranean,B1,noun
melon,A2,noun
memorize/memorise,B1,verb
mend,B1,verb
mentally,B1,adverb
merchandise,B2,noun
merry,A1,adjective
message board,B1,noun
messenger,B2,noun
messy,B1,adjective
meter/metre,A2,noun
metric,B2,adjective
micro,B2,noun
microbe,B2,noun
microcomputer,B2,noun
micrometer/micrometre,B2,noun
microorganism,B2,noun
microphone,B2,noun
microscope,B2,noun
microscopic,B2,adjective
microscopy,B2,noun
microwave,B2,noun
midday,A2,noun
middle-aged,B1,adjective
mighty,B2,adjective
millimeter/millimetre,B2,noun
millionaire,B2,noun
mimic,B2,noun
mineral water,A2,noun
miniature,B2,adjective
minimize/minimise,B1,verb
mint,B2,noun
minus,B1,preposition
mischief,B1,noun
misconception,B2,noun
misfortune,B2,noun
mislead,B1,verb
mist,B2,noun
mistreat,B2,verb
mistrustful,B2,adjective
misty,B1,adjective
misunderstand,B2,verb
misunderstanding,B1,noun
mixing bowl,B1,noun
mobile phone,A1,noun
mock,B2,adjective
modal verb/modal,B1,noun
modem,B1,noun
modernization/modernisation,B2,noun
modernize/modernise,B2,verb
mogul,B2,noun
moisture,B1,noun
mold/mould,B2,noun
molecule,B1,noun
mom,A1,noun
momentarily,B2,adverb
momentary,B2,adjective
mommy/mommie,A1,noun
monastery,B2,noun
moody,B2,adjective
moonlight,B2,noun
moonscape,B2,noun
morally,B2,adverb
mortal,B2,adjective
mortar,B2,noun
mortify,B2,verb
mosquito,B1,noun
moss,B1,noun
mother-in-law,B2,noun
motherland,B1,noun
motionless,B1,adjective
motivated,B2,adjective
motorbike,B2,noun
motorway,A2,noun
motto,B1,noun
mountaintop,B1,noun
mourn,B1,verb
mournful,B2,adjective
mover,B2,noun
mp3 player,A2,noun
mr./mr,A1,noun
mrs./mrs,A1,noun
ms./ms,A2,noun
muddy,B2,adjective
mug,A2,noun
mule,B1,noun
mumble,B2,verb
murderer,B1,noun
murmur,B2,noun
muse,B2,verb
mushroom,A2,noun
mustache/moustache,B2,noun
mustard,B1,noun
mutability,B2,noun
mutable,B2,adjective
mutter,B2,verb
mutton,B2,noun
mystify,B2,verb
nano,B2,noun
nap,B1,noun
napkin,A2,noun
narcissistic,B2,adjective
narrate,B1,verb
narrator,B2,noun
narrowly,B2,adverb
nationalist,B1,noun
nationality,A1,noun
native speaker,B2,noun
naughty,B2,adjective
navigate,B2,verb
navy,B2,noun
navy blue,B1,adjective
necklace,B1,noun
nectar,B1,noun
needless,B2,adjective
needy,B2,adjective
negatively,B2,adverb
neighbor/neighbour,A1,noun
neighborhood/neighbourhood,B1,noun
neighboring/neighbouring,B2,adjective
nephew,B1,noun
nerves,B2,noun
nervously,B2,adverb
nervousness,B1,noun
ness,B1,noun
netsurfer/net surfer,B2,noun
neurosis,B2,noun
newborn,B1,adjective
newcomer,B1,noun
newscaster,B2,noun
newsworthy,B2,adjective
next door,B1,adverb
next-door,B1,adjective
nicely,B2,adverb
nickname,B1,noun
niece,B1,noun
nightclub,B2,noun
nightlife,B1,noun
nobility,B2,noun
nobleman,B2,noun
noisily,B1,adverb
nomad,B2,noun
non-smoking,B2,adjective
nonprofessional,B2,adjective
northeast,B1,noun
northeastern,B1,adjective
northward,B2,adverb
northwest,B1,noun
northwestern,B1,adjective
nostril,B2,noun
noticeable,B1,adjective
noticeboard,B1,noun
nought,B2,noun
noun,A2,noun
nourish,B2,verb
nourishment,B2,noun
novelty,B2,noun
nucleus,B1,noun
nuisance,B2,noun
numerical,B2,adjective
nutrient,B1,noun
nutritious,B1,adjective
nutshell,B2,noun
oak,A2,noun
oath,B2,noun
obedience,B2,noun
obedient,B2,adjective
obituary,B2,noun
obsessive,B2,adjective
offense/offence,B2,noun
offhand,B2,adverb
officially,B1,adverb
offshore,B2,adjective
oily,B1,adjective
ointment,B2,noun
ok/okay,A1,adverb
olive,B2,noun
olive oil,A2,noun
olympia,B2,noun
olympiad,B2,noun
olympic,A2,adjective
olympics,A1,noun
omelet/omelette,A2,noun
oneself,B1,pronoun
onstage,B1,adjective
onto/on to,B1,preposition
oppress,B1,verb
oppression,B1,noun
optimist,B2,noun
optional,B2,adjective
orator,B2,noun
orbit,B1,noun
orchestral,B2,adjective
orchid,B2,noun
orderly,B1,adjective
organism,B1,noun
organization/organisation,B1,noun
organize/organise,A2,verb
organized/organised,A2,adjective
organizer/organiser,B2,noun
originality,B2,noun
ornament,B2,noun
orphan,A2,noun
ought to,B1,modal auxiliary
ounce,B2,noun
out of,A2,preposition
out-of-date,B1,adjective
outback,B2,noun
outdistance,B2,verb
outdo,B2,verb
outgrow,B2,verb
outlaw,B1,noun
outlive,B2,verb
outpatient,B2,noun
outrageous,B2,adjective
outshine,B2,verb
outskirts,B2,noun
outward,B1,adjective
outwardly,B2,adverb
outweigh,B1,verb
oval,B2,adjective
overboard,B2,adverb
overbook,B2,verb
overcoat,B2,noun
overemphasize/overemphasise,B2,verb
overestimate,B2,verb
overhear,B2,verb
overjoyed,B1,adjective
overlap,B2,noun
overshadow,B2,verb
oversize,B2,adjective
overstep,B2,verb
overtake,B2,verb
overthrow,B2,verb
overtime,B2,noun
overweight,A2,adjective
overwork,B1,noun
ow,B2,noun
owing,B1,adjective
owing to,B2,preposition
owl,B2,noun
ox,B2,noun
ozone,B2,noun
p.m./p.m./pm/pm,A1,adverb
pa,B2,noun
pacific,A2,adjective
packed,B2,adjective
packing,B1,noun
paddle,B1,noun
paid,B1,adjective
paintbrush,B2,noun
pajamas/pyjamas,B2,noun
pal,A2,noun
pallet,B2,noun
pancake,B2,noun
pandemic,B2,adjective
papaya,B2,noun
paperless,B2,adjective
paperwork,B2,noun
parachute,B1,noun
paradise,B1,noun
paradox,B2,noun
paralysis,B2,noun
paralyze/paralyse,B1,verb
paramedic,B2,adjective
paratrooper,B2,noun
parcel,B1,noun
pardon,B1,verb
parrot,B1,noun
participle,B1,noun
particle,B2,noun
partisan,B2,noun
passionately,B2,adverb
pasta,A2,noun
pastoral,B2,adjective
patiently,B2,adverb
patriot,B2,noun
patriotic,B2,adjective
patriotism,B2,noun
pave,B2,verb
pavement,B2,noun
paw,B2,noun
pawnbroker,B2,noun
pawnshop,B2,noun
pc,A2,noun
pea,A2,noun
peacefully,B2,adverb
peach,B2,noun
peanut,B1,noun
pear,A2,noun
pearl,B2,noun
pebble,B2,noun
pedal,B2,noun
pedantic,B2,adjective
pedestrian,B2,noun
pee,B2,verb
peel,B2,verb
peep,B2,noun
peg,B2,noun
penalize/penalise,B2,verb
pence,A2,noun
penetrate,B2,verb
penfriend/pen friend,A2,noun
penguin,B2,noun
penicillin,B2,noun
penniless,B1,adjective
pentagon,B2,noun
percent/per cent,B1,noun
performer,B1,noun
perfume,A2,noun
permanence,B2,noun
permeate,B2,verb
perseverance,B2,noun
persistence,B2,noun
personification,B2,noun
personify,B2,verb
perspiration,B2,noun
persuasion,B2,noun
persuasive,B1,adjective
pessimist,B2,noun
pessimistic,B2,adjective
petrified,B2,adjective
petrol station,A2,noun
petty,B2,adjective
ph,B2,noun
phantom,B1,adjective
pharmacist,B2,noun
pharmacy,B1,noun
phoenix,B1,noun
photocopy,B1,noun
phrasal verb,B1,noun
physically,A2,adverb
pi,B2,noun
pickle,B2,noun
picky,B2,adjective
picnic,A1,noun
picturesque,B2,adjective
pie,B1,noun
piety,B1,noun
pilgrim,A2,noun
pillow,B1,noun
pillowcase,B2,noun
pine,B2,noun
pineapple,B1,noun
pint,B2,noun
piracy,B2,noun
pizza,A1,noun
plague,B2,noun
playful,A2,adjective
playground,A2,noun
playmate,B2,noun
playwright,B2,noun
pleasantly,B1,adverb
pleasing,A2,adjective
pluck,B2,verb
plum,B2,noun
plumber,B2,noun
plural,A2,noun
pneumonia,B2,noun
pocket money,B1,noun
point of view,B2,noun
pointless,B2,adjective
polar bear,B2,noun
police officer,A2,noun
police station,A2,noun
policewoman,A2,noun
polio,B2,noun
polish,B2,noun
politely,B1,adverb
politeness,B2,noun
politically,B2,adverb
polity,B2,noun
pollutant,B1,noun
pollute,A2,verb
polo,B2,noun
ponder,B2,verb
popcorn,B1,noun
popularize/popularise,B2,verb
porch,B2,noun
pork,B1,noun
posh,B2,adjective
positively,B1,adverb
possessed,B2,adjective
possessive,B1,adjective
post office,A2,noun
postal,B2,adjective
postcard,B1,noun
postman,B1,noun
potent,B2,adjective
pottery,B1,noun
powerfully,B2,adverb
practicality,B2,noun
practically,B2,adverb
practice/practise,A1,verb
prance,B2,noun
prawn,B2,noun
predicament,B2,noun
predicate,B2,verb
predicative,B2,adjective
predictive,B2,adjective
predictor,B2,noun
prefect,B2,noun
preferable,B2,adjective
preferably,B2,adverb
prefix,B1,noun
prehistoric,B2,adjective
prehuman,B2,noun
preindustrial,B2,adjective
prejudge,B2,verb
preoccupy,B2,verb
preposition,B1,noun
preschool,B1,adjective
presenter,B2,noun
prestige,B2,noun
preventive,B2,adjective
priceless,B2,adjective
prick,B2,noun
primary school,B1,noun
prime minister,B2,noun
primitive,B1,adjective
privately,B2,adverb
pro,A2,noun
procrastination,B1,noun
program/programme,B1,verb
programmer,B2,noun
prohibition,B1,noun
prom,B2,noun
prominence,B2,noun
promptly,B2,adverb
pronoun,B1,noun
pronunciation,A2,noun
proponent,B2,noun
proposed,B2,adjective
prose,B2,noun
prosper,B2,verb
prosperous,B1,adjective
proudly,B2,adverb
proven,B2,adjective
proverb,B1,noun
provided,B1,conjunction
proximity,B2,noun
psychologically,B2,adverb
public transport,B1,noun
publicize/publicise,B2,verb
publicly,B1,adverb
publisher,B1,noun
pudding,B2,noun
pullover,B1,noun
pumpkin,B2,noun
punctual,B2,adjective
punctuality,B2,noun
punctuation,A2,noun
puppy,B1,noun
purify,B1,verb
purposeful,B2,adjective
purse,B1,noun
puzzled,B2,adjective
quake,B1,noun
quantify,B2,verb
quarantine,B2,noun
quarrel,B2,verb
quarrelsome,B2,adjective
queer,B2,adjective
question mark,B1,noun
quiz,A2,noun
quotable,B2,adjective
rabbit,A1,noun
rack,B2,noun
racket,A2,noun
radiate,B2,verb
radically,B2,adverb
radium,B2,noun
rafter,B2,noun
rag,B2,noun
railroad,B1,noun
rainbow,B2,noun
raincoat,A2,noun
rainfall,B1,noun
rainforest,B1,noun
rainstorm,B2,noun
rainy,A1,adjective
ram,B2,noun
ramp,B2,noun
ranger,B2,noun
rap,B1,verb
rash,B2,adjective
raspberry,B1,noun
ration,B1,noun
rattle,B2,noun
ravage,B2,noun
razor,B1,noun
real estate,B2,noun
realization/realisation,B2,noun
realize/realise,A2,verb
rearrange,B1,verb
rebellious,B2,adjective
receptionist,A2,noun
recite,B1,verb
reclaim,B1,verb
recognize/recognise,B1,verb
recollect,B2,verb
recollection,B2,noun
recommendable,B2,adjective
reconsider,B2,verb
recreation,B2,noun
rectangular,B2,adjective
recycled,B1,adjective
recycling,B1,noun
redo,B2,verb
redundant,B2,adjective
reed,B2,noun
reef,B1,noun
referent,B2,adjective
refinery,B2,noun
reflective,B2,adjective
refrain,B2,noun
refresh,B2,noun
refreshments,B1,noun
refrigerator,A2,noun
refund,B1,noun
refute,B2,verb
regarding,B1,preposition
reggae,B2,noun
regrettably,B2,adverb
rehearsal,B2,noun
reinforcement,B2,noun
rejoin,B2,verb
relativity,B2,noun
relaxation,B2,noun
relay,B2,noun
relic,B2,noun
remaining,B2,adjective
remembrance,B1,noun
remote control,B1,noun
reorganize/reorganise,B2,verb
repaint,B2,noun
repay,B1,verb
repeatedly,B1,adverb
repertoire,B2,noun
repetition,B2,noun
replica,B2,noun
repress,B2,verb
repression,B2,noun
reprint,B2,noun
reprove,B2,verb
resonant,B2,adjective
respectable,B1,adjective
respectably,B2,adverb
respected,B2,adjective
respiration,B2,noun
respiratory,B2,adjective
retailer,B2,noun
retard,B2,verb
retell,B1,verb
retina,B2,noun
retrospect,B1,noun
reunification,B1,noun
reunify,B1,verb
reunion,A2,noun
reverence,B2,noun
revolutionize/revolutionise,B2,verb
revolve,B2,verb
rewrite,B1,verb
rhinoceros,B2,noun
rhyme,B2,verb
rhythmic,B2,adjective
rib,B2,noun
ribbon,A1,noun
riddle,B1,verb
rider,B2,noun
ridge,B2,noun
right-hand,A2,adjective
righteousness,B2,noun
rightly,B2,adverb
rim,B2,noun
ripe,B1,adjective
rite,B2,noun
roadside,B1,noun
roam,B2,noun
roar,B2,verb
roast,A2,verb
robin,A2,noun
rocky,B2,adjective
rolling,B1,adjective
roommate,B2,noun
rosy,B2,adjective
rotten,B1,adjective
roundabout,A2,noun
royalty,B2,noun
rubble,B2,noun
rudely,B1,adverb
rug,B2,noun
ruinous,B2,adjective
ruler,A1,noun
rumor/rumour,A2,noun
runaway,B1,noun
runway,B1,noun
rush hour,B2,noun
rusty,B2,adjective
sadness,B1,noun
safari,B1,noun
safeguard,B2,verb
safely,B1,adverb
sag,B2,noun
sage,B2,noun
salesman,B1,noun
salesmanship,B2,noun
salesperson,B2,noun
saleswoman,B2,noun
salmon,B1,noun
salon,B2,noun
salsa,B2,noun
salty,B2,adjective
sandal,B1,noun
sandstone,B2,noun
sandy,A2,adjective
sanitary,B2,adjective
sanitation,B2,noun
satisfactory,B2,adjective
saucepan,B1,noun
saucer,B1,noun
sausage,A2,noun
saving/savings,B2,noun
saw,B2,verb
scar,B2,noun
scarcely,B2,adverb
scarf,A2,noun
scarlet,B2,noun
scatter,B1,verb
scenery,A2,noun
scenic,B1,adjective
scent,B2,noun
scheduled,B2,adjective
scholasticism,B2,noun
schoolchild,A2,noun
schoolgirl,B2,noun
schoolmate,B1,noun
schoolteacher,B1,noun
schoolwork,A2,noun
science fiction,B1,noun
scientifically,B2,adverb
scissors,A2,noun
scold,B1,verb
scooter,B2,noun
scramble,B2,verb
scribble,B2,noun
scrooge,B2,noun
scuba,B2,noun
scythe,B2,noun
seafood,A2,noun
seaside,A2,noun
seasonal,B2,adjective
seawater,B1,noun
seaweed,B1,noun
second person,B2,noun
second-hand,B1,adverb
secondary school,B1,noun
secretly,B1,adverb
seesaw,B2,noun
self-confidence,B2,noun
self-confident,B2,adjective
self-service,B1,adjective
selfish,B1,adjective
selfless,B2,adjective
seller,B2,noun
semester,A2,noun
semi-final,B2,noun
semicolon,B2,noun
separately,B2,adverb
serene,B2,adjective
server,B1,noun
setback,B2,noun
sew,A2,verb
sexism,B2,noun
shabby,B2,adjective
shadowy,B1,adjective
shaken,B2,adjective
shakespearean,B2,adjective
shaky,B2,adjective
shameful,B1,adjective
shampoo,A2,noun
sharply,B2,adverb
shave,B1,verb
sheriff,B1,noun
shield,B2,noun
shipwreck,B2,noun
shiver,B1,verb
shop assistant,A2,noun
shopkeeper,B2,noun
shoplift,B2,verb
shoplifter,B2,noun
shoplifting,B2,noun
shopper,B1,noun
short/shorts,A2,noun
shortness,B2,noun
showbiz,B2,noun
showcase,B2,noun
shrimp,B1,noun
sickness,B1,noun
sidewalk,B1,noun
sightseeing,A2,noun
signify,B2,verb
signpost,B1,noun
silently,A2,adverb
silverware,B2,noun
simplification,B2,noun
simplify,B1,verb
simultaneous,B2,adjective
sincerity,B2,noun
singular,A2,noun
sister-in-law,B2,noun
sitting room,A2,noun
skate,B1,verb
skateboard,B2,noun
skateboarder,B2,noun
skateboarding,A2,noun
skating,A2,noun
skeleton,B1,noun
skillful/skilful,B2,adjective
skillfully/skilfully,B2,adverb
skim,B2,verb
skylark,B2,noun
skyscraper,B1,noun
skyward,B2,adverb
slang,B2,noun
slaughter,B2,noun
sleepless,A2,adjective
sleepy,A2,adjective
sleeve,B1,noun
slim,A2,adjective
sliver,B2,noun
sloppy,B2,adjective
smith,A1,noun
smoker,B1,noun
smokestack,B2,noun
smoothly,A2,adverb
snack,A2,noun
sneak,B2,verb
sneer,B2,noun
sneeze,B2,verb
sniff,B2,verb
snore,B2,verb
snowball,B2,noun
snowboard,B1,noun
snowboarding,A2,noun
snowstorm,B1,noun
snowy,A1,adjective
soaked,B2,adjective
soaking,B2,adjective
soap opera,B1,noun
sob,B2,verb
sociable,B2,adjective
social networking,B1,noun
socialize/socialise,B2,verb
socially,B1,adverb
soda,A2,noun
sofa,A1,noun
soft drink,A2,noun
softly,A2,adverb
softness,B2,noun
solidity,B2,noun
soliloquy,B2,noun
solvent,B2,noun
someday,A2,adverb
someplace,B1,adverb
son-in-law,B2,noun
sonnet,B2,noun
soothe,B1,verb
sophomore,B1,noun
sore,B1,adjective
sorrow,B1,noun
soundtrack,B2,noun
sour,B1,adjective
southeast,B1,noun
southward,B2,adverb
southwest,B1,noun
souvenir,B1,noun
soviet,B2,noun
soybean,B2,noun
spa,B2,noun
spaceship,A2,noun
spaghetti,A2,noun
sparerib,B2,noun
sparkle,B1,noun
sparkling,B2,adjective
sparrow,B2,noun
specialize/specialise,B1,verb
specially,B1,adverb
specialty,B2,noun
speeder,B2,noun
spellbound,B2,adjective
spinach,B1,noun
spiral,B1,adjective
splash,A2,verb
splatter,B2,noun
sponge,B1,noun
sports,B1,adjective
sports center/sports centre,A2,noun
sportsmanship,B1,noun
spray,B2,verb
spreadsheet,B2,noun
sprint,B2,noun
spur,B2,noun
squash,B2,verb
stack,B2,noun
stagger,B2,noun
stain,B2,verb
stammer,B2,verb
standby,B2,adjective
standstill,B2,noun
stanza,B2,noun
startle,B2,verb
starvation,B2,noun
starving,B2,adjective
statesman,B2,noun
statewide,B2,adverb
statistics,B2,noun
steak,A2,noun
steely,B2,adjective
steering wheel,B2,noun
stepfather,B2,noun
stepmother,B2,noun
stern,B2,adjective
stew,B2,noun
sticker,B1,noun
stimulant,B2,noun
stimulation,B2,noun
stingy,B2,adjective
stink,B2,verb
stitch,B2,noun
stock market,B2,noun
stockpile,B2,noun
stomachache,A2,noun
stonework,B2,noun
stool,B2,noun
stopover,B2,noun
stopwatch,B2,noun
stormy,B1,adjective
storyteller,B1,noun
stove,A2,noun
straighten,B2,verb
strait,B2,noun
strangely,B1,adverb
strangle,B2,verb
straw,B1,noun
strawberry,B1,noun
stressed,B1,adjective
stressful,B1,adjective
stricken,B1,adjective
stride,B2,verb
stripe,B1,noun
stubborn,B1,adjective
stubbornly,B2,adverb
stuck,B1,adjective
stuffed,B1,adjective
stylish,B1,adjective
stylist,B2,noun
subconscious,B1,adjective
subcontinent,B2,noun
subculture,B2,noun
subdivision,B2,noun
subjunctive,B2,noun
submarine,B1,noun
subplot,B2,noun
subside,B2,verb
subtitle,B2,noun
subtract,B2,verb
subway,A1,noun
suffix,B1,noun
suitably,B2,adverb
suitcase,A2,noun
sulfur/sulphur,B2,noun
summarize/summarise,B1,verb
sunbathe,B1,verb
sunbeam,B2,noun
sundial,B1,noun
sunflower,A2,noun
sunglasses,A2,noun
sunlight,A2,noun
sunny,A1,adjective
sunrise,B1,noun
sunset,B1,noun
sunshine,A1,noun
superintendent,B2,noun
superlative,A2,noun
supernatural,B2,adjective
superstar,A2,noun
superstition,B1,noun
supper,A2,noun
supplier,B2,noun
surf,A2,verb
surfing,A2,noun
surname,A2,noun
surprisingly,B1,adverb
surroundings,B2,noun
suspiciously,B2,adverb
swan,B2,noun
swarm,B1,noun
sweat,A2,verb
sweatshirt,B1,noun
sweetheart,A2,noun
swell,B1,verb
swift,B2,adjective
swimmer,B1,noun
swimming costume,A2,noun
swimming pool,A1,noun
swimsuit,A2,noun
swollen,B1,adjective
syllable,B2,noun
sympathize/sympathise,B2,verb
symphony,A2,noun
synonym,B2,noun
t-shirt/tee-shirt,A1,noun
table tennis,A2,noun
tablecloth,B2,noun
tablespoon,A2,noun
tabloid,B2,noun
tack,B2,verb
tactile,B2,adjective
takeaway,B1,noun
takeoff/take-off,B1,noun
talkative,B1,adjective
tame,B2,adjective
tan,B2,noun
tanned,B2,adjective
tasteless,B1,adjective
tasty,B1,adjective
tatter,B2,noun
tattoo,B2,noun
taunt,B2,noun
teammate,B1,noun
teamwork,B1,noun
tease,B2,verb
teaspoon,B2,noun
technically,B2,adverb
teen,B1,noun
telecommunications,B1,noun
telegram,B1,noun
telescope,B2,noun
teller,B1,noun
temper,B1,noun
temperate,B2,adjective
temptation,B2,noun
tenderly,B2,adverb
tenderness,B2,noun
tense,B1,noun
terrace,B2,noun
terrified,B1,adjective
terrifying,B2,adjective
text message,A2,noun
thankful,B1,adjective
theater/theatre,A1,noun
theorist,B2,noun
thermometer,B2,noun
these,A1,pronoun
thickly,B2,adverb
thickness,B2,noun
thigh,B2,noun
thinker,B2,noun
third person,B2,noun
thirdly,B2,adverb
thirst,B1,verb
those,A1,pronoun
thoughtless,B2,adjective
threatening,B1,adjective
thrill,B2,noun
thriller,B1,noun
thrilling,B2,adjective
thump,B1,verb
thunder,B1,noun
thunderous,B1,adjective
thunderstorm,A2,noun
tick,B1,verb
tickle,B2,verb
tiger,A1,noun
tightly,B1,adverb
tightrope,B2,noun
tights,A2,noun
tile,B1,noun
timeless,B2,adjective
timeliness,B2,noun
times,B2,preposition
timetable,A2,noun
tiptoe,B2,verb
tire,B1,verb
tiredness,B2,noun
tiresome,B2,adjective
tiring,B1,adjective
toast,A2,noun
toenail,B2,noun
toil,B2,verb
tolerant,B2,adjective
tomb,B2,noun
toothache,A2,noun
toothbrush,A2,noun
toothpaste,B1,noun
torch,B2,noun
tornado,B1,noun
tortoiseshell,B2,noun
tour guide,A2,noun
toward/towards,A2,preposition
tracksuit,B1,noun
trader,B2,noun
traditionally,B1,adverb
traffic jam,B1,noun
traffic light,A2,noun
trainee,B2,noun
traitor,B2,noun
tram,A2,noun
tramp,B2,noun
trample,B2,noun
transfusion,B2,noun
transient,B2,adjective
transistor,B2,noun
transitional,B1,adjective
transitive,B2,adjective
translator,B2,noun
trash,B1,noun
travel agent,B1,noun
traveler/traveller,A2,noun
traverse,B2,noun
tray,B2,noun
tread,B2,verb
trek,B2,noun
tremble,B1,verb
tremendously,B2,adverb
tremor,B2,noun
triangle,B2,noun
tricky,B2,adjective
trim,B1,noun
trivial,B2,adjective
trolley,B2,noun
tropic,B2,adjective
troublesome,B2,adjective
trumpet,B1,noun
trunk,B2,noun
trustworthy,B1,adjective
trusty,B2,adjective
truthful,B2,adjective
truthfulness,B2,noun
tub,B2,noun
tuberculosis,B2,noun
tug,B2,noun
tulip,B2,noun
tumble,B1,verb
tumor/tumour,B2,noun
tuna,B1,noun
turbulence,B1,noun
turbulent,B2,adjective
turkey,A1,noun
turning,B1,noun
turtle,B1,noun
tutor,B2,noun
twinkle,B2,noun
twisted,B2,adjective
typhoid,B2,noun
tyranny,B2,noun
tyrant,B2,noun
unafraid,B1,adjective
unashamedly,B2,adverb
unattractive,B2,adjective
unauthorized/unauthorised,B2,adjective
unavailable,B2,adjective
unaware,B2,adjective
unbearable,B2,adjective
unbeatable,B2,adjective
unbelievable,B1,adjective
uncertain,A2,adjective
unchanged,B2,adjective
uncharacteristic,B2,adjective
unclear,B1,adjective
unclearly,B2,adverb
uncomfortably,B2,adverb
uncommon,B2,adjective
unconcerned,B2,adjective
uncontrollable,B1,adjective
uncover,B1,verb
underage,B1,adjective
underestimate,B2,verb
underline,B1,verb
underneath,B1,preposition
underpants,B1,noun
undersea,B2,adjective
understandable,B2,adjective
underwater,B2,adverb
undo,B1,verb
undreamed,B2,adjective
undress,B1,verb
undressed,B2,adjective
unease,B2,noun
uneasily,B2,adverb
uneasy,A2,adjective
unenthusiastic,B2,adjective
uneven,B2,adjective
unexpectedly,B1,adverb
unfairly,B1,adverb
unfamiliar,B2,adjective
unfashionable,B2,adjective
unfit,B1,adjective
unforeseen,B2,adjective
unforgettable,A2,adjective
unfriendly,B1,adjective
ungodly,B2,adjective
unhappiness,B2,noun
unhealthy,A2,adjective
unheard,B1,adjective
unhelpful,B2,adjective
unimaginable,B2,adjective
unimaginably,B2,adverb
unimportant,A2,adjective
uninterested,B1,adjective
uninteresting,B1,adjective
unjustly,B2,adverb
unkind,B2,adjective
unlimited,B2,adjective
unload,B2,verb
unlock,B2,verb
unlucky,B1,adjective
unmistakable,B2,adjective
unmistakably,B2,adverb
unnatural,B2,adjective
unofficial,B2,adjective
unpack,B1,verb
unpopular,B2,adjective
unpredictable,B1,adjective
unrealistic,B2,adjective
unreasonable,B2,adjective
unrelated,B1,adjective
unreliable,B2,adjective
unrest,B2,noun
unsafe,B2,adjective
unsatisfactory,B2,adjective
unselfish,B2,adjective
unstoppable,B2,adjective
unsuccessful,B2,adjective
unsuitable,B2,adjective
unsure,B2,adjective
untalented,B2,adjective
unthinkably,B2,adverb
untidy,B1,adjective
untie,B2,verb
unto,B2,preposition
untreated,B2,adjective
untrimmed,B2,adjective
unusually,B1,adverb
unusualness,B2,noun
unwanted,B1,adjective
unwell,B1,adjective
unwilling,B2,adjective
unwise,B2,adjective
unworldly,B2,adjective
up-to-date,B1,adjective
upbringing,B2,noun
uplifted,B1,adjective
upload,B1,verb
upright,B2,adverb
upside down,B2,adverb
upward,B1,adjective
urgently,B2,adverb
usher,B2,verb
utilize/utilise,B2,verb
utter,B2,verb
vacancy,B1,noun
vacant,B2,adjective
vaccine,B2,noun
vain,B1,adjective
valentine,B2,noun
vanity,B2,noun
vase,A1,noun
vegetarian,B1,noun
verb,A2,noun
verbally,B2,adverb
vet,B1,noun
vibrate,B2,verb
vibration,B2,noun
vice president,B1,noun
video clip,B1,noun
video game,A2,noun
vigor/vigour,B2,noun
vigorous,B2,adjective
vigorously,B2,adverb
villa,B2,noun
vinegar,B2,noun
violently,B1,adverb
violin,A2,noun
virtual reality,B2,noun
virtually,B2,adverb
visibly,B2,adverb
visually,B1,adverb
vivid,B1,adjective
vividly,B1,adverb
vocabulary,A2,noun
vocalist,B2,noun
volcano,B1,noun
volleyball,A1,noun
vomit,B2,noun
voter,B2,noun
vowel,B1,noun
voyage,B1,noun
wagon,B1,noun
waist,B2,noun
waistcoat,B2,noun
waitress,A1,noun
walkabout,B2,noun
walker,B2,noun
walking,A2,noun
wallboard,B2,noun
wallet,A2,noun
walnut,B2,noun
wardrobe,B1,noun
warmly,B1,adverb
warmth,B1,noun
warranty,B1,noun
warship,B2,noun
wartime,B2,noun
was,A1,be-verb
washbowl,B1,noun
washing machine,A2,noun
washing-up,A2,noun
wasp,B2,noun
wasteful,B1,adjective
waterfall,B1,noun
waterproof,B2,adjective
wax,B1,verb
weakly,B2,adverb
wearisome,B2,adjective
weary,B2,adjective
weather forecast,B1,noun
web page,A2,noun
webcam,B1,noun
wed,B2,verb
weekday,A2,noun
weep,A2,noun
well-balanced,B2,adjective
well-built,B2,adjective
well-dressed,B1,adjective
well-known,A2,adjective
well-organized/well-organised,B2,adjective
well-paid,B2,adjective
were,A1,be-verb
westward,B1,adverb
wetland,B1,noun
whale,B1,noun
wheelchair,A2,noun
whichever,B2,pronoun
whiskey/whisky,B2,noun
whistle,B2,verb
wilderness,B2,noun
wildly,B1,adverb
willingly,B2,adverb
winding,B2,adjective
windscreen,B1,noun
windshield,B2,noun
windsurfing,B1,noun
windy,A2,adjective
wink,B2,noun
wither,B1,verb
witty,B2,adjective
wizard,B1,adjective
wolf,B2,noun
wondrous,B2,adjective
woodcarving,B2,noun
wordlessly,B2,adverb
workaholic,B2,adjective
workbench,B2,noun
workman,B2,noun
worktable,B2,noun
worldly,B2,adjective
worldview,B2,noun
worn,B1,adjective
wornout/worn out/worn-out,B2,adjective
worrying,B2,adjective
worsen,B2,verb
worthless,B2,adjective
wrapping,B1,noun
wreck,B2,noun
wristwatch,B1,noun
wrongly,B2,adverb
x-ray,B2,noun
yacht,B2,noun
yawn,B2,verb
yearn,B2,verb
yoga,B1,noun
yogurt/yoghurt,A1,noun
youthful,B2,adjective
yummy,B2,adjective
zebra,B2,noun
zip,B2,noun
zoo,A1,noun
zoom,B2,noun
